item_id,small_description,long_description,category,merch_class,channel_restriction,barcode,brand_name,age_restriction,primary_image,alternate_image,base_url
54276335,Hanes Sport Men's Performance ,"Hanes Sport Collection: Performance. Style. Comfort. Hanes Sport builds on our comfort heritage with innovative technologies to give you the looks that fit your life, your sport, and your style.  Hanes Sport Mens Performance Baseball Tee helps you give 100% by working overtime to keep you cool and dry. Cool DRI technology dries fabric faster for maximum comfort and Cool Comfort wicks away moisture to keep you dry. FreshIQ Advanced Odor Protection Technology attacks the odor-causing bacteria in your clothes, helping you stay fresh all throughout the day. Classic baseball tee styling with raglan, contrast sleeves. Tagless design means no scratchy, irritating back neck label getting you down. Available in a variety of colors.",APPAREL,0,MULTI-CHANNEL,54276335284025,Hanes,0,GUEST_9d0d9ff1-6f87-4585-ae33-1a87fcb95028,GUEST_9d0d9ff1-6f87-4585-ae33-1a87fcb95028,https://imagetarget.com/image/Target/
76558704,Hanes Men's Jersey Pants,"Keep it cool, comfortable and casual in these soft jersey pants from Hanes. With X-temp technology, these durable pants can adapt to your body temperature and activity, helping keep you cool and dry for all day comfort. Perfect for year-round wear. Some colors fabric percentages vary: (Light steel is 90% cotton, 10% polyester & charcoal heather is 60% cotton, 40% polyester). ",APPAREL,0,MULTI-CHANNEL,76558704284025,Hanes,0,GUEST_fce42cf0-4f05-4772-92b1-99c756e52d7b,GUEST_fce42cf0-4f05-4772-92b1-99c756e52d7b,https://imagetarget.com/image/Target/
53660247,Hanes Men's Long Sleeve Beefy ,"Tough enough to go extra innings, this long-sleeve henley tee is as durable as it is soft. Made with heavier weight Beefy-T cotton fabric, this popular classic t-shirt is perfect for any wearing occasion. Heather colors are a cotton-polyester blend. Perfect for layering and available in sizes S-3XL and in a variety of colors.",APPAREL,0,MULTI-CHANNEL,53660247284025,Hanes,0,GUEST_b95ceac7-8118-4367-8eaa-6c60b6575fc4,GUEST_b95ceac7-8118-4367-8eaa-6c60b6575fc4,https://imagetarget.com/image/Target/
76558110,Hanes Men's Ultimate Cotton Sw,"Made from heavyweight cotton/polyester blend fleece, this Hanes Men's Ultimate Cotton Crew Sweatshirt is sure to keep you warm on the coldest of days. Nine ounce fleece is our heaviest and warmest fleece-making it ideal for keeping out the cold. Ribbed cuffs and relaxed waistband keep their shape, wash after wash. Classic crew neck design. Available in a variety of colors. ",APPAREL,0,MULTI-CHANNEL,76558110284025,Hanes,0,GUEST_0de29a1d-5cec-48d7-8e4b-3eddf3ec7b4f,GUEST_8bb4e002-d704-4d60-b6c8-ff690d379822,https://imagetarget.com/image/Target/
77602268,Men's Run Knit Pants - All in ,"Why we're ALL IN:<br /><br />A stretchy fabric with moisture-wicking properties gives these knit pants ease of wear from running to walking to everyday activities. Zippers at the ankles offer a more customized fit for complete comfort with added ventilation, while a secure drawstring at the waistband helps keep the pants firmly in place. Front zipper pockets lend secure storage to provide hands-free convenience with full attention on your workout.  <br /><br />When families come together to discover the joy of staying active, All In Motion is there to make it easy and comfortable to embrace a bustling lifestyle. From running errands to running intervals, the collection AIMs to propel you forward with thoughtfully designed pieces that fit and feel great — movement is the core of this performance line, with a 100% satisfaction guarantee.",APPAREL,0,MULTI-CHANNEL,77602268284025,All in Motion,0,GUEST_1f1bf267-f5fb-44b4-9bb6-deddfd6b4dca,GUEST_56d808b4-fccb-47a4-a62c-cb89256dae63,https://imagetarget.com/image/Target/
77603131,Men's Lightweight Run Pants - ,"Why we're ALL IN:<br /><br />These warp knit fabric running pants were thoughtfully designed with reflective detailing to make early morning and late-night exercise a breeze. Moisture-wicking fabric with a quick-dry finish is made to keep you feeling your best, while zippers at the ankles lend added comfort and ventilation. The drawstring waistband makes for a secure fit, and you'll get the hands-free convenience you need from side pockets and an interior card pocket. <br /><br />When families come together to discover the joy of staying active, All In Motion is there to make it easy and comfortable to embrace a bustling lifestyle. From running errands to running intervals, the collection AIMs to propel you forward with thoughtfully designed pieces that fit and feel great — movement is the core of this performance line, with a 100% satisfaction guarantee.",APPAREL,0,MULTI-CHANNEL,77603131284025,All in Motion,0,GUEST_2fecf215-8622-46b2-8986-e12c464f6945,GUEST_ffea5d04-2905-49cb-b552-2c370e2ceb05,https://imagetarget.com/image/Target/
79218831,Men's Tie-Dye Regular Fit Swea,"Long-sleeve sweatshirt made from 100% cotton fabric for breathable comfort, complete with a regular fit that hits at the hip. Features a black and white tie-dye pattern for extra flair, and a hood and kangaroo pocket complete the look.",APPAREL,0,MULTI-CHANNEL,79218831284025,Original Use,0,GUEST_5a2a4b59-10b9-471c-b158-47224f322a4c,GUEST_6e454d44-6865-4567-b19e-42808b8b5cd4,https://imagetarget.com/image/Target/
77602310,"Men's 9"" Train Shorts - All in","Why we're ALL IN: <br /><br />Designed for high-impact workouts, like boxing, weight lifting and interval training, these train shorts feature a moisture-wicking, quick-dry fabric made to keep you cool and dry, complete with odor resistant technology for a fresh feel. A secure drawstring waistband offers a fit that stays in place, while side pockets provide you with hands-free convenience.<br /><br />When families come together to discover the joy of staying active, All In Motion is there to make it easy and comfortable to embrace a bustling lifestyle. From running errands to running intervals, the collection AIMs to propel you forward with thoughtfully designed pieces that fit and feel great — movement is the core of this performance line, with a 100% satisfaction guarantee.",APPAREL,0,MULTI-CHANNEL,77602310284025,All in Motion,0,GUEST_4ea982bb-b64c-4a31-ba0b-971a0e0d778e,GUEST_90c3deb3-bf0c-4dd9-a479-cc0e3c0ab710,https://imagetarget.com/image/Target/
77394187,Men's Standard Fit Long Sleeve,"Bring effortless style to your everyday wardrobe with the Standard-Fit Long-Sleeve Crewneck T-Shirt from Goodfellow & Co™. Made from shrink-resistant, 100% cotton fabric, this men's long-sleeve T-shirt easily transitions from season to season to ensure you stay comfy in whatever you're up to. Cut in a standard fit with banded cuffs and hem, this solid crewneck tee features a front chest pocket for on-trend flair. Whether you pair it with chino shorts and canvas espadrilles, light-wash jeans and high sneakers or white chinos and loafers, this tee will surely elevate your style.<br /><br />100% Satisfaction Guaranteed.",APPAREL,0,MULTI-CHANNEL,77394187284025,Goodfellow & Co,0,GUEST_63f6b8ff-cc55-47bf-862d-95eb7458618f,GUEST_f0a3e75f-c0c1-4fbe-b7e5-28abb2c1cac5,https://imagetarget.com/image/Target/
77353804,Men's Slim Fit Poplin Button-D,"Put together a look that combines refined style with a touch of playful flair with the men's Slim-Fit Printed Poplin Button-Down Shirt from Goodfellow & Co™. Cut in a slim fit with a poplin weave for comfortable wear, this men's short-sleeve button down features a classic collared neckline and a chest patch pocket, instantly bringing a timeless staple to your closet. It's made from cotton with a hint of spandex to keep you moving comfortably throughout your day, and it looks great with a variety of bottoms and layering pieces for versatile wear. Plus, you can choose from a range of colors and printed patterns for a look that matches your personal aesthetic, giving you a great option for just about any occasion.<br /><br />100% Satisfaction Guaranteed.",APPAREL,0,MULTI-CHANNEL,77353804284025,Goodfellow & Co,0,GUEST_b237fb2a-5f1e-46e6-9a35-e14cf12ce7aa,GUEST_b59af6ed-a6bd-497a-88aa-917bac7abbcf,https://imagetarget.com/image/Target/
52566032,Men's Knit Pajama Pants - Good,"Keep your nights as comfortable as can be with the Knit Pajama Pants from Goodfellow & Co™. With the soft, lightweight construction, the second you pull these pants on you'll be ready to snooze away. Pair them with a sweatshirt when winter sets in, or keep things cool with a tank top.",APPAREL,0,MULTI-CHANNEL,52566032284025,Goodfellow & Co,0,GUEST_205df910-eb4f-42c4-b5fa-5c6bc55ee141,GUEST_1c381171-1a25-4163-9b96-b20819f3548a,https://imagetarget.com/image/Target/
53071711,Hanes Premium Men's Stretch Bo,"Hanes Premium Men's Stretch Boxer Briefs come in a convenient pack of 4 pairs. with a Comfort Flex waistband and blended stretch fabric, these underwear flex to move with you and keep you comfortable throughout your day. FreshIQ advanced odor protection technology attacks odor-causing bacteria in your clothes, keeping you smelling fresh. Shaped front panel provides added comfort and support, with a fly front for convenience. These boxer briefs wick moisture away from your skin to keep you dry. Hanes famous tagless design means no scratchy, irritating tag keeping you down. Available in assorted colors, sizes small through XL.",APPAREL,0,MULTI-CHANNEL,53071711284025,Hanes Premium,0,GUEST_77977e5d-5258-4c03-a3ef-9a08d3d8f43e,GUEST_e1d14e2d-ce39-41a6-a768-baaf95520584,https://imagetarget.com/image/Target/
80222368,Men's Skinny Fit Jeans - Goodf,No description available,APPAREL,0,MULTI-CHANNEL,80222368284025,Goodfellow & Co,0,GUEST_49535264-e7eb-47e4-aefa-76c33a3be96b,GUEST_8cf8294f-e74a-4756-b5ae-254ad51edd7c,https://imagetarget.com/image/Target/
52493021,Haggar H26&#174; 4 Way Stretch,"Whether you wear them for a day at the office or a nice dinner out, the 4-Way Stretch Classic Fit Trouser Pants from Haggar H26 will keep you comfortable no matter where you are. Pair these simple dress pants with a cool, patterned button-down shirt for a formal look that still shows your unique style.",APPAREL,0,MULTI-CHANNEL,52493021284025,Haggar H26,0,GUEST_c93539a4-9604-4798-bcbd-4586d24713ff,GUEST_01ba8bbf-adb9-4e43-aece-078e83b2a189,https://imagetarget.com/image/Target/
79218957,Men's Striped Short Sleeve Pop,"Men’s short-sleeve button-down shirt in coral-pink with vertical white stripes. Cut from lightweight 100% cotton, this men’s shirt features a collared neckline and falls just below the waistline.",APPAREL,0,MULTI-CHANNEL,79218957284025,Original Use,0,GUEST_2c7201f3-6e30-4e5a-baa1-916f408f03f2,GUEST_be3bcba0-7489-42cc-a97b-8105e0f361c6,https://target./image/Target/
54611459,Men's Standard Fit Long Sleeve,"Whether getting ready for work or heading out to dinner with friends, bring refined style to your everyday look with this Long-Sleeve Button-Down Shirt from Goodfellow & Co™. This button-down shirt features a collared neckline for a classic look and the Oxford weave brings polished flair. The soft fabric with added spandex offers comfy movement throughout the day and the standard fit lends a smart look to your overall ensemble. Pair this classic button-down shirt with solid jeans or chinos and leather boots for a casual day out or layer it with a solid blazer for a timeless look. Either way, you'll keep comfy and stylish throughout your day.<br /><br />100% Satisfaction Guaranteed.",APPAREL,0,MULTI-CHANNEL,54611459284025,Goodfellow & Co,0,GUEST_6efebbe0-9cb8-4845-9450-549f6adeac0e,GUEST_3f55d211-a00c-4002-ba6f-46fc5e9658d7,https://imagetarget.com/image/Target/
53579607,Men's Standard Fit Knit Blazer,"Whether you're dressing up a casual look or headed to a formal event, this men's Knit Blazer from Goodfellow & Co™ will keep you covered. This men's blazer features a simple two-button closure for easy wear, with a convenient back vent providing comfort and mobility no matter the function. The notched lapels give this men's blazer a classic look that easily matches with the rest of your wardrobe. Wear this blazer with a dress shirt and chinos for date night, or throw it on over a sweater and jeans to meet up with friends. Either way, the cotton-blend construction maintains softness and breathability, keeping you comfortable through day and night.",APPAREL,0,MULTI-CHANNEL,53579607284025,Goodfellow & Co,0,GUEST_855926d9-3a5d-4d62-9897-5d846beba3e8,GUEST_837868ca-9f79-4c29-bb19-a449b90f4b36,https://imagetarget.com/image/Target/
77600205,Men's Stretch Woven Shorts - A,"Why we're ALL IN:<br /><br />Designed for high-intensity workout sessions, these stretchy shorts are made from a moisture-wicking fabric with a quick-dry finish to keep you cool and fresh. Side splits offer ease of movement and greater range of motion during a range of activities, along with the seven-inch inseam that lends a more breezy fit. Secure storage comes in the form of 2 zippered pockets to stash your phone and other must-have essentials so you can put full focus on your fitness game.<br /><br />When families come together to discover the joy of staying active, All In Motion is there to make it easy and comfortable to embrace a bustling lifestyle. From running errands to running intervals, the collection AIMs to propel you forward with thoughtfully designed pieces that fit and feel great — movement is the core of this performance line, with a 100% satisfaction guarantee.",APPAREL,0,MULTI-CHANNEL,77600205284025,All in Motion,0,GUEST_a5245e8e-0ef8-4aab-9637-0e10f2e80726,GUEST_9bed1f16-13bb-44a7-bc4b-3aec03180b0f,https://imagetarget.com/image/Target/
54376303,Men's MTV Short Sleeve Graphic,"Nothing brings the '80s vibe like MTV — so elevate your everyday wardrobe with the retro-inspired appeal of this men's MTV Short-Sleeve Graphic T-Shirt. This white graphic tee features a printed graphic of the MTV logo, complete with black ""Music Television"" text. But there's a twist: the ""M"" is decorated with tie-dye detailing, creating a colorful, compelling look you're sure to love. The 100% cotton fabric helps you stay comfortable throughout your day, and the crewneck design looks great with just about any bottoms. Throw it on with jeans, chinos, joggers and more for a versatile outfit you'll appreciate.",APPAREL,0,MULTI-CHANNEL,54376303284025,MTV,0,GUEST_0d4e6ceb-f250-4efa-8c4c-7347cdbfafa5,GUEST_0d4e6ceb-f250-4efa-8c4c-7347cdbfafa5,https://imagetarget.com/image/Target/
54248446,"Men's 9"" Knit Pajama Shorts - ","Keep comfortable as you drift off to sleep in the Knit Pajama Shorts from Goodfellow & Co™. These soft pajama shorts feature a cotton-modal fabric that makes for an ultra-comfy fit through the seasons. They're fitted with side pockets perfect for stashing at-home essentials like your chapstick and phone, along with an adjustable drawstring waistband that lets you find your ideal fit. Pair these men's PJ shorts with a tank top when it's warm, and then keep toasty on a chilly night with a fleece hoodie.",APPAREL,0,MULTI-CHANNEL,54248446284025,Goodfellow & Co,0,GUEST_a2516e5a-f215-4d83-a0b2-79946c96a6e3,GUEST_63df0c6b-43f8-4d08-a66c-a771485e5163,https://imagetarget.com/image/Target/
77590567,Men's Premium Lifestyle Shorts,"Why we're ALL IN:<br /><br />On-the-go activewear comes easy with a pair of everyday shorts made from a moisture-wicking fabric with four-way stretch for unrestricted movement. These shorts are fitted with a secure drawstring waistband to keep them firmly in place as you effortlessly go about an active day, and a zipper pocket at the back lends hands-free convenience to keep must-have essentials within easy reach.<br /><br />When families come together to discover the joy of staying active, All In Motion is there to make it easy and comfortable to embrace a bustling lifestyle. From running errands to running intervals, the collection AIMs to propel you forward with thoughtfully designed pieces that fit and feel great — movement is the core of this performance line, with a 100% satisfaction guarantee.",APPAREL,0,MULTI-CHANNEL,77590567284025,All in Motion,0,GUEST_670ac95b-8d4d-4d15-a951-29409366b8a1,GUEST_6e3cf857-b142-4e0d-8512-943cc68ae2df,https://imagetarget.com/image/Target/
78622814,Men's PlayStation Short Sleeve,"This PlayStation Short-Sleeve Graphic T-Shirt lets you show off your love for gaming. This men’s short-sleeve tee is made from 100% cotton fabric that provides you with all-day breathable comfort no matter where you go. Featuring an at-waist design with short-sleeves, this black cotton tee can easily be paired with a variety of bottoms and jackets for a versatile casual option. Simply pair it with shorts and slip-on sandals for a casual look or layer it with a faux-leather jacket and a pair of skinny jeans for a cool-weather ensemble.",APPAREL,0,MULTI-CHANNEL,78622814284025,Ripple Junction,0,GUEST_4ef9c5c7-6ecf-46f6-b13a-ba9074750224,GUEST_4ef9c5c7-6ecf-46f6-b13a-ba9074750224,https://imagetarget.com/image/Target/
77599971,Men's Textured Shorts - All in,"Why we're ALL IN:<br /><br />Take your fitness game to the next level with a pair of shorts designed to keep you feeling nice and fresh — thanks to a moisture-wicking, quick-dry fabric with odor resistant technology. These textured shorts have side pockets for hands-free convenience, and a secure drawstring waistband to keep the fit just right and in place. They're perfectly suited for a range of high-intensity workout sessions, from weight training and spin to bootcamp and boxing.<br /><br />When families come together to discover the joy of staying active, All In Motion is there to make it easy and comfortable to embrace a bustling lifestyle. From running errands to running intervals, the collection AIMs to propel you forward with thoughtfully designed pieces that fit and feel great — movement is the core of this performance line, with a 100% satisfaction guarantee.",APPAREL,0,MULTI-CHANNEL,77599971284025,All in Motion,0,GUEST_af8dec21-a8a6-4ae8-888f-d94cd467ac9e,GUEST_7234232f-572e-47c8-8181-102897e79a1a,https://imagetarget.com/image/Target/
54601301,Men's Skinny Fit Mid-Rise Dest,"Men's skinny-fit jeans with a mid-rise design in light-wash blue. Designed with destructed and faded accents at the front and back, and outfitted with front and back pockets. Men's destructed jeans are made from cotton denim with added spandex and come complete with classic belt loops. ",APPAREL,0,MULTI-CHANNEL,54601301284025,Original Use,0,GUEST_f2440094-c901-4d86-868c-bcc559bbd873,GUEST_61e9a891-9f81-4a60-a9a0-04c5b4d9a2c8,https://imagetarget.com/image/Target/
79467961,Men's Standard Fit Short Sleev,"Keep your style game up to date with the Standard Fit Short-Sleeve Denim Shirt from Goodfellow & Co™. This men’s short-sleeve shirt sports a clean-cut design with a collared neckline and a denim blue hue for a look that's perfect for the office or evenings out with the guys. It’s made from breathable fabric for a comfortable, lightweight wear you'll love, and has a button-down closure for easy on and off. Pair with chinos, jeans or slacks for the perfect everyday ensemble.<br /><br />100% Satisfaction Guaranteed.",APPAREL,0,MULTI-CHANNEL,79467961284025,Goodfellow & Co,0,GUEST_f342e131-d255-46f6-b7b9-98af0e852c98,GUEST_c1436902-35ce-49b1-ab4d-6106ca7b4b66,https://imagetarget.com/image/Target/
79565917,Men's Star Wars The Mandaloria,"This Star Wars The Mandalorian Child Short-Sleeve Graphic T-Shirt makes it easy for you to show off your love for the cutest creature in the galaxy. A black tee features a four-panel graphic print of The Child with different adorable facial expressions for a fun way to put your love for the epic Star Wars show on display. Whether you're binge watching the entire first season or anxiously waiting for season two, this baby Yoda shirt lets you enjoy your favorite galactic saga on any of your casual off-duty days. ",APPAREL,0,MULTI-CHANNEL,79565917284025,Star Wars,0,GUEST_58a43751-bb22-4bfb-9954-611334172909,GUEST_58a43751-bb22-4bfb-9954-611334172909,https://imagetarget.com/image/Target/
78622710,Men's Nintendo Only The Best C,"From filling your cart in a supermarket to playing an online game in your leisure time, show off your gaming fandom with the Nintendo N64 Classic-Fit Short-Sleeve T-Shirt from Nintendo. Crafted from 100% cotton in a classic fit, this men's short-sleeve T-shirt adds a staple piece to your warm-weather wardrobe and can also be layered under your button-down shirts, zip-up hoodies or jackets when the temps drop. Fashioned in a solid black hue, it features the iconic Nintendo N64 logo at the front, making it a great pair for anything from your go-to jeans and sneakers on a sunny day outside to chinos and loafers on a casual Friday.",APPAREL,0,MULTI-CHANNEL,78622710284025,Nintendo,0,GUEST_371b25e6-ca33-4731-aca8-d54c38101a42,GUEST_371b25e6-ca33-4731-aca8-d54c38101a42,https://imagetarget.com/image/Target/
54621281,Men's Slim Fit Long Sleeve Dre,"Put together a sleek look for workdays, job interviews, dinner parties and more with the men's Slim-Fit Long-Sleeve Dress Button-Down Shirt from Goodfellow & Co™. This men's button-down shirt is cut in a slim fit with a below-hip length and a contoured hem — the collared neckline finishes off the refined look, giving you a closet staple that easily matches the rest of your personal aesthetic. It's made from sturdy cotton with added spandex for comfortable mobility, and it's easy to dress up or down to suit your occasion. Wear it untucked with chinos and a cardigan, or tuck it into woven dress pants and add a blazer for classy style. <br /><br />100% Satisfaction Guaranteed.",APPAREL,0,MULTI-CHANNEL,54621281284025,Goodfellow & Co,0,GUEST_502fb15e-44a3-47c9-aa4a-77c3a2ed10d6,GUEST_2f2ecafb-b709-4136-a365-eb5213350858,https://imagetarget.com/image/Target/
54212076,Men's Toy Story Pizza Planet S,"Represent your authentic Toy Story fandom with this men's Short-Sleeve Toy Story Graphic T-Shirt from Disney. This white graphic tee features red ""Pizza Planet"" text and checkerboard detailing, with accompanying text that reads ""Food & Fun Space Port"" and ""Serving Your Local Star Cluster"" completing the fun vibe. Fans of the movie will love referencing a niche element of the Toy Story franchise, but the simple crewneck design means anyone can pair this Toy Story T-shirt with jeans, joggers, chinos and more for retro-inspired style. From a movie night at home to a night out with friends, you'll appreciate the breathable comfort of this 100% cotton graphic tee.",APPAREL,0,MULTI-CHANNEL,54212076284025,Disney,0,GUEST_657addf4-97db-485e-b4b1-954ca50de598,GUEST_657addf4-97db-485e-b4b1-954ca50de598,https://imagetarget.com/image/Target/
54551728,DENIZEN&#174; from Levi's&#174,"The DENIZEN® from Levi’s® Men’s 232 Slim Straight Fit jeans are the perfect mix of modern style and all day comfort. Made from premium denim that flexes and moves with you, these jeans fit slim through the seat and thigh and are cut straight from knee to ankle. They also keep their shape all day. Wear these jeans with a button down or polo shirt to work or a tee and sneakers for a casual night out with best friends.",APPAREL,0,MULTI-CHANNEL,54551728284025,DENIZEN from Levi's,0,GUEST_07b108c4-d12b-450d-9172-d4c839dd2f4b,GUEST_a8120146-e694-4b20-958c-4c1f0d1a9180,https://imagetarget.com/image/Target/
78653190,Men's Slim Lightweight Denim -,"From laid-back days at work to casual hangouts with the guys, this pair of Slim Lightweight Denim from Goodfellow & Co™ will fit right in with your effortless, cool style. Crafted from a breathable fabric with a mid-rise design for stretchy comfort and slim cut for added style, these white mid-rise denim pants give you a more fitted look. You'll surely appreciate the five-pocket design that offers plenty of space for your phone, wallet and more, and the white color injects some chic style into your off-duty wardrobe. Pair these white denim pants with a classic crewneck tee and loafers for a casual ensemble, and add a lightweight jacket for extra style.<br /> <br />100% Satisfaction Guaranteed.",APPAREL,0,MULTI-CHANNEL,78653190284025,Goodfellow & Co,0,GUEST_af673fbd-63e9-4ab4-8365-7e0c9092ec5c,GUEST_554463f7-913d-4ca9-aaa5-b7a05d956627,https://imagetarget.com/image/Target/
79226414,Men's Animal Print Short Sleev,Printed button-up shirt made from 100% cotton fabric with a poplin weave for breathable comfort. Features an allover flamingo and palm tree pattern against a lilac background. Finished off with a chest pocket.,APPAREL,0,MULTI-CHANNEL,79226414284025,Original Use,0,GUEST_62a38f58-77a3-45cc-9537-6539df20c22e,GUEST_97bd9815-da96-4f58-a7ce-9f2a0ffe6b67,https://imagetarget.com/image/Target/
78717822,Men's Quick-Dry Board Shorts -,"Why we’re ALL IN:<br /><br />These quick-dry board shorts are the perfect accompaniment to your active waterside days. A shorter inseam couples with lightweight fabric for a light and airy feel, letting you move with ease. A full waistband elastic with a front drawstring helps you find the right fit, and you can easily carry your essentials with the side pockets. You’ll love the subtle touch of style afforded by the cool tie-dye print, and quick-dry fabric keeps you comfortable for days spent in and out of the water. UPF 50+ rated material rounds out the piece with protection from UV rays.<br /><br />When families come together to discover the joy of staying active, All in Motion is there to make it easy and comfortable to embrace a bustling lifestyle. From running errands to running intervals, the collection AIMs to propel you forward with thoughtfully designed pieces that fit and feel great — movement is the core of this performance line, with a 100% guarantee.",APPAREL,0,MULTI-CHANNEL,78717822284025,All in Motion,0,GUEST_ce5a29e6-c010-45ea-b968-e2ccdbde2525,GUEST_53eb9783-21ce-43ac-9e5b-125592a69149,https://imagetarget.com/image/Target/
54376623,Men's Marvel Captain America L,"Whether you're rewatching the original Avengers or reading your favorite Marvel comic, show love for the first Avenger with the men's Captain America Graphic T-Shirt. This heather blue graphic tee features a solid backdrop decorated with a printed graphic of Cap's shield in red, white and blue, instantly adding a touch of bona fide flair to your closet. It's made from a soft, breathable fabric for all-day wear, and the crewneck design looks great with just about any bottoms. Throw it on with jeans and sneakers, or layer it underneath a button-down shirt and chinos for versatile style.",APPAREL,0,MULTI-CHANNEL,54376623284025,Marvel,0,GUEST_55db91e6-8bea-4e08-980d-5086b1391505,GUEST_55db91e6-8bea-4e08-980d-5086b1391505,https://imagetarget.com/image/Target/
53216167,Men's Slim Fit Jeans - Goodfel,"No matter what the occasion is, keep your look simple and stylish with these Slim-Fit Jeans from Goodfellow & Co™. In black, these slim-fit denim jeans easily dress up or down — you'll get tons of versatility from them, whether you pair them with a button-down shirt, blazer and wingtip Oxfords or graphic tank top and canvas sneakers. Plus, the breathable cotton construction with added spandex will give you just the right fit, while keeping you comfortable wherever you go.",APPAREL,0,MULTI-CHANNEL,53216167284025,Goodfellow & Co,0,GUEST_3e585bd8-4685-41f2-ae68-f92d9b4b4f06,GUEST_a5a1629d-c7c0-498f-a568-a285f4c8f71f,https://imagetarget.com/image/Target/
54244966,Men's Slim Fit Jeans - Goodfel,"Whether you're meeting friends for a quick drink or heading to an evening work event, you'll be sure to look your best in these Slim-Fit Jeans from Goodfellow & Co™. With a slim cut, the men's blue-gray jeans offer classic appeal with a more fitted look. Plus, the cotton construction features added spandex for breathable, stretchy comfort. From V-neck T-shirts and henleys to polos and button downs, you can easily pair these jeans with any top for versatile wear.",APPAREL,0,MULTI-CHANNEL,54244966284025,Goodfellow & Co,0,GUEST_2a1be66a-dee4-4769-92bd-caaf42cccb44,GUEST_4840a4e2-897d-45bc-bf19-a9d9ff5321ed,https://imagetarget.com/image/Target/
78269002,"Men's 8.5"" Regular fit Fleece ","Update your clothing for days at home with these Regular Fit Relaxed Lounge Shorts from Goodfellow & Co™. These men's lounge shorts make a go-to staple in your loungewear wardrobe. Cut in a comfortable relaxed fit from soft fabric, they bring an easy vibe to your casual look. The full elastic waist with front drawstring ensures a perfect adjustable fit, while the side pockets and a rear patch pocket add some functional style. Pair them with a range of crewneck or graphic tees when you're relaxing around the house. <br /><br />100% Satisfaction Guaranteed.",APPAREL,0,MULTI-CHANNEL,78269002284025,Goodfellow & Co,0,GUEST_984a7ca0-87c3-418d-9358-029c909f0015,GUEST_e17c27a6-1f3a-4931-bf88-805de8f4a3ca,https://imagetarget.com/image/Target/
54595335,Men's Star Wars Millennium Fal,"Make sure you're always ready to do the Kessel Run as quickly as possible by wearing this Star Wars Millennium Falcon Short-Sleeve Graphic T-Shirt. Made with 100% cotton for ultimate softness and durability, this Star Wars graphic T-shirt features a topside view of the Falcon against a multicolored stripe background in retro-style colors for a vintage feel. Complete with ""Star Wars"" above the print in a retro font, this Millennium Falcon T-shirt is perfect for wearing when you binge-watch all the movies or head out to catch the latest film in theaters. ",APPAREL,0,MULTI-CHANNEL,54595335284025,Star Wars,0,GUEST_cf96f6d0-7152-4476-a99d-dccb9faac57f,GUEST_cf96f6d0-7152-4476-a99d-dccb9faac57f,https://imagetarget.com/image/Target/
54376580,Men's Marvel Captain America L,"Pay tribute to Steve Rogers in the Captain America Logo Short-Sleeve Graphic T-Shirt from Marvel. Made from a breathable fabric, this men's graphic tee keeps you cool and kicking wherever you go. Fashioned in a heather gray hue, it features the Captain's iconic logo in gray to help you flaunt your Marvel fandom. Whether you pair it with athletic shorts on a leisurely day at home or with skinny jeans and a leather jacket for lunch with friends, it's sure to bring cool superhero vibes to your day.",APPAREL,0,MULTI-CHANNEL,54376580284025,Marvel,0,GUEST_871f41e5-0a03-457d-a394-5d172380c71d,GUEST_871f41e5-0a03-457d-a394-5d172380c71d,https://imagetarget.com/image/Target/
78776953,Men's Slim Fit Short Sleeve Pi,"Update your casual attire with sharp style with the Slim Fit Short Sleeve Pique Polo Shirt from Goodfellow & Co™. This men’s short-sleeve shirt features a polo design with a collared neckline and two buttons to bring a sleek, clean-cut look to any outfit. It sports a slim fit for form-fitting wear and is crafted from soft fabric for a lightweight, comfortable fit every time. Side venting helps to keep you cool on warm days in the sun, while shrink-resistant fabric ensures you always have the right fit. Pair this polo with chinos, slacks or shorts for a clean look that is perfect for the office or a night out with the guys.<br /><br />100% Satisfaction Guaranteed.",APPAREL,0,MULTI-CHANNEL,78776953284025,Goodfellow & Co,0,GUEST_b4e52a83-975a-4958-81ac-10c5de06ca2a,GUEST_8c6d212c-d253-4369-a380-1ef35c924f74,https://imagetarget.com/image/Target/
14493550,Hanes Premium Men's 5pk Boxer ,"Hanes Premium Men's Boxer Briefs come in a convenient pack of 5. These men's underwear deliver premium, all day comfort with super soft ring-spun cotton and a No Ride Up fit that stays in place. Hanes Tagless boxer briefs are offered in a black and gray assorted pack with a premium Comfort Flex waistband for added comfort.",APPAREL,0,MULTI-CHANNEL,14493550284025,Hanes Premium,0,GUEST_d0e323e6-e386-405c-8e13-ed7dd381d741,GUEST_a7874699-a751-4f8f-a294-6fc5b2086922,https://imagetarget.com/image/Target/
78864933,Men's Regular Fit Long Sleeve ,"Long-sleeve T-shirt made from a lightweight fabric for comfortable wear, complete with a curved hem for added shaping. Features an attached hood with drawstring, and a kangaroo pocket completes the look.",APPAREL,0,MULTI-CHANNEL,78864933284025,Original Use,0,GUEST_904e15b2-af10-479f-8394-5fa318c5fb2e,GUEST_c61ccde9-276d-4cb8-9c0d-a79ff99cefca,https://imagetarget.com/image/Target/
54376610,Men's Maruchan Short Sleeve Gr,"Show off your love for your favorite ramen noodles every time you step out wearing the Short-Sleeve Graphic T-Shirt from Maruchan. This men's short-sleeve T-shirt is made from 100% cotton fabric that ensures you stay cool and comfy whether you're savoring a bowl of instant noodles or filling your cart at a supermarket. Accented with the Maruchan Instant Lunch logo at the front on a solid white background, you'll love pairing it with your go-to jeans or shorts and sneakers to show off your laid-back style. Plus, as the weather starts to shift gears, you can layer it under a zip-up hoodie and let the Maruchan logo peek through for fun flair.",APPAREL,0,MULTI-CHANNEL,54376610284025,Maruchan,0,GUEST_51b1a274-013b-485c-a266-f4cf61c2cfa5,GUEST_51b1a274-013b-485c-a266-f4cf61c2cfa5,https://imagetarget.com/image/Target/
77655744,Men's Slim Fit Long Sleeve But,"Add a refreshing pop to your closet with the Light Green Long-Sleeve Button-Down Oxford Shirt from Goodfellow & Co™. Made from a breathable fabric with added spandex for comfortable mobility, this button-down shirt features an Oxford weave for a polished look. Cut in a slim-fit design with a below-waist length that looks great both tucked in and out, this men's button-down shirt features a collared neckline for a refined look. Pair it with solid jeans or chinos for a casual day out, or layer it under a blazer for a sharp look.  <br /><br />100% Satisfaction Guaranteed.",APPAREL,0,MULTI-CHANNEL,77655744284025,Goodfellow & Co,0,GUEST_793a9b66-e56b-4d47-a3b2-2c21c837b376,GUEST_9b0cab13-545d-46ff-845a-a9bf21ecaf3b,https://imagetarget.com/image/Target/
77602949,Men's Notorious B.I.G. Short S,"Show love for the king of New York hip-hop whenever you wear this men's Notorious B.I.G. Graphic T-Shirt. This short-sleeve black graphic tee features a square graphic showcasing four saturated, colorful panels, each decorated with a print of the iconic photo of Biggie wearing a crown — bringing a combination of vibrant style and authentic flair to your everyday aesthetic. It's cut from 100% cotton fabric, providing softness and breathability for all-day wear, and the crewneck design looks great with a variety of bottoms and layering pieces. Throw it on with jeans, joggers, chino shorts and more to rep your favorite MC in effortless style.",APPAREL,0,MULTI-CHANNEL,77602949284025,Merch Traffic,0,GUEST_a9dd09db-3f50-47a4-b6c0-df3d795b51ce,GUEST_a9dd09db-3f50-47a4-b6c0-df3d795b51ce,https://imagetarget.com/image/Target/
54305780,Men's Rick and Morty Short Sle,"Whether you're joining the Vindicators or feeling like Pickle Rick, rep your favorite show with this men's Rick and Morty Graphic T-Shirt. This men's Rick and Morty T-shirt features a solid navy background decorated with an image of Rick, Morty, Jerry, Beth, Summer, Birdperson, Noob-Noob and more; ""Rick and Morty"" logo text completes the vibe, bringing multi-galactic flair to your everyday wear. The simple crewneck design pairs with nearly any bottoms, making it a convenient option for a variety of occasions, and can easily be used for standalone wear or layering. Throw it on with some sweats or wear it with a pair of chinos — either way, the cotton construction helps you stay cool and comfortable for interdimensional fun.",APPAREL,0,MULTI-CHANNEL,54305780284025,Rick and Morty,0,GUEST_7861b59d-df79-4cd9-833d-e602776099c7,GUEST_7861b59d-df79-4cd9-833d-e602776099c7,https://imagetarget.com/image/Target/
53243962,Men's Long Sleeve Adaptive Bas,"Whether you're exploring the city with the guys on a Saturday night, or you're lazing around the house on a Sunday afternoon, you'll love the comfort and ease of this Long-Sleeve Adaptive Baseball T-Shirt from Goodfellow & Co™. Crafted from 100% cotton with your go-to regular fit, this crewneck tee is easy to transition from day to night and season to season, making it a versatile addition to your wardrobe. The tagless design features flat seams for a gentle, soft feel against the skin — perfect for keeping you as comfy as can be no matter what you have in store for the day.",APPAREL,0,MULTI-CHANNEL,53243962284025,Goodfellow & Co,0,GUEST_fbc1e764-e9c2-4b54-b4cb-151bd8abd841,GUEST_eefb0e20-a62c-496c-8816-133a1f3378b4,https://imagetarget.com/image/Target/
54601537,Men's Long Sleeve Button-Down ,"From dressing up formally for the office to showing off your style for a night out, get the look you love with this Long-Sleeve Button-Down Shirt from Goodfellow & Co™. Featuring a classic collar design and slim-fit style, this button-down shirt brings on-trend vibes to your everyday ensemble. You'll love being able to button it up for a formal look or layer it unbuttoned for a more laid-back flair. Whether worn with a pair of slim-fit shorts or chinos or tucked into jeans or dress pants, the soft and stretchy fabric of this button-down shirt keeps you feeling lightweight while letting you move comfortably throughout any activity. <br /><br />100% Satisfaction Guaranteed.",APPAREL,0,MULTI-CHANNEL,54601537284025,Goodfellow & Co,0,GUEST_0a5d762f-d1e0-4d2c-8d75-81a9e602f4ce,GUEST_d6aa91a4-00e2-4fae-bfd0-68ce42510c68,https://imagetarget.com/image/Target/
76617776,Men's Striped Short Sleeve But,Men's short-sleeve button-down shirt made from a lightweight fabric with a below-waist length. Designed with a full-length button-down front and a collared neckline. Gold button-down shirt showcases a vertical pattern of solid white stripes. ,APPAREL,0,MULTI-CHANNEL,76617776284025,Original Use,0,GUEST_e2ee316f-f60d-48b9-a83d-7727f1a6f4d8,GUEST_f33eb7dc-4651-4b46-b80d-1df9f2247a2e,https://imagetarget.com/image/Target/
14491687,Hanes Men's 5pk Boxer Briefs,"Hanes Men's Boxer Briefs underwear are available in a convenient pack of 5. With super soft ComfortSoft fabric, these underwear offer everyday, all day comfort from the brand you trust. Hanes Men's Tagless boxer briefs are now even softer, with a Comfort Flex waistband that is soft and stretchy. Offered in a black and gray assorted pack. Available in sizes SM - XL.",APPAREL,0,MULTI-CHANNEL,14491687284025,Hanes,0,GUEST_c99362fc-27c4-4f49-b595-5477ba59f4d6,GUEST_29c6cb43-6b1e-4929-bb2c-cae9670b3025,https://imagetarget.com/image/Target/
53245373,Tom Clancy's Rainbow Six: Sieg,"Squad up and breach in to explosive 5v5 PVP action. Tom Clancy's Rainbow Six Siege features a huge roster of specialized operators, each with game-changing gadgets to help you lead your team to victory. ",APPAREL,0,MULTI-CHANNEL,53245373284025,Ubisoft,0,GUEST_38d1444d-8a16-4eaf-ae64-01ef991aabd3,GUEST_8a35011c-2a7f-4022-95a3-bc6ae3d9974a,https://imagetarget.com/image/Target/
51901045,Red Dead Redemption 2 - PlaySt,"America, 1899.  <br />Arthur Morgan and the Van der Linde gang are outlaws on the run. With federal agents and the best bounty hunters in the nation massing on their heels, the gang must rob, steal and fight their way across the rugged heartland of America in order to survive. As deepening internal divisions threaten to tear the gang apart, Arthur must make a choice between his own ideals and loyalty to the gang who raised him.<br /><br />Now featuring additional Story Mode content and a fully-featured Photo Mode, Red Dead Redemption 2 also includes free access to the shared living world of Red Dead Online, where players take on an array of roles to carve their own unique path on the frontier as they track wanted criminals as a Bounty Hunter, create a business as a Trader, unearth exotic treasures as a Collector or run an underground distillery as a Moonshiner and much more.  <br /><br />Software license at www.rockstargames.com/eula; account terms at www.rockstargames.com/socialclub.  Non-transferable access to special features such as exclusive/unlockable/downloadable/online content/services/functions, multiplayer services or bonus content, may require single-use serial code, additional fee, and/or online account registration (varies 13+).  Access to special features may require internet connection, may not be available to all users or at all times, and may, upon 30 days notice, be terminated, modified, or offered under different terms.  Violation of EULA, Code of Conduct, or other policies may result in restriction or termination of access to game or online account.  For customer & tech support visit www.rockstargames.com/support.<br /><br />The content of this videogame is purely fictional, is not intended to represent or depict any actual event, person, or entity, and any such similarities are purely coincidental.  The makers and publishers of this videogame do not in any way endorse, condone or encourage engaging in any conduct depicted in this videogame.  Unauthorized copying, reverse engineering, transmission, public performance, rental, pay for play, or circumvention of copy protection is strictly prohibited.  <br /><br />Rockstar Games, Inc.  ©2005-18. Rockstar Games, Red Dead Redemption, and R* are marks/logos/copyrights of Take-Two Interactive. All other marks and trademarks are properties of their respective owners.  All rights reserved.and more.<br />",APPAREL,0,MULTI-CHANNEL,51901045284025,Rockstar Games,0,GUEST_8c26604e-59f7-438d-82e0-117d84820887,GUEST_4a0addf7-052e-4e05-867d-857309e3135c,https://imagetarget.com/image/Target/
77332707,Cyberpunk 2077 - PlayStation 4,"Cyberpunk 2077 is an open-world, action-adventure story set in Night City, a megalopolis obsessed with power, glamour and body modification. You play as V, a mercenary outlaw going after a one-of-a-kind implant that is the key to immortality. You can customize your character’s cyberware, skillset and playstyle, and explore a vast city where the choices you make shape the story and the world around you.",APPAREL,0,MULTI-CHANNEL,77332707284025,Warner Bros.,0,GUEST_0f5f5290-af41-410b-ad71-ec84d227ab44,GUEST_632dfe49-c91a-4a2d-8f35-e5fe147b7320,https://imagetarget.com/image/Target/
78120954,Disney Classic Games: Aladdin ,"Two of the most beloved Disney games of all time make their long-awaited return to modern consoles in Disney Classic Games: Aladdin and The Lion King! This unforgettable package of Disney classics is filled with tons of new features, enhancements, game modes, and display options, plus multiple versions of the games! Join Aladdin and his sidekick, Abu, as they race through the marketplace toward their date with destiny. Relive Aladdin’s classic adventure as you travel through Agrabah, the Cave of Wonders and more to defeat Jafar and rescue Jasmine.  Jump, fight, dodge and carpet-ride your way through this adventure, collecting gems along the way.  The Lion King brings to life the majesty and mystery of Africa through the tale of Simba, a lion cub faced with the challenging transition to maturity. Now, you too can be part of the adventure!  Driven into the wilderness by his evil uncle Scar, Simba finds salvation and Hakuna Matata with Pumbaa the warthog and Timon the meerkat.  Tackle heinous hyenas in the elephant’s graveyard, avoid the trampling hooves of stampeding wildebeest as you battle through 10 levels to ensure Simba claims his rightful place as The Lion King. <br /><br />Features<br />•	Multiple Game Versions: Play through several different versions of the beloved Aladdin and The Lion King games that have been created over the years, including both console and handheld versions. An all-new “Final Cut” version of Aladdin, developed exclusively for this collection, is also included and features difficulty adjustments, camera refinements, bug fixes, as well as a few additional surprises for fans.<br />•	Display Options and Updated Visuals: 1080P graphics and enhancements for modern HD TVs, adjustable screen aspect ratios and borders, and custom filter options designed to replicate classic CRT TVs and other popular screen types<br />•	In-Game Rewind: Instantly rewind any of the games in real-time in order to retry difficult areas <br />•	Interactive Game Viewer: View full game playthroughs, with the ability to skip forward, jump in, and start playing at any point<br />•	Save Feature:  Quickly save your progress in each of the games and continue your adventure wherever and whenever you want<br />•	Museum Features:  Take a journey behind-the-scenes and learn more about the creation of these incredible games. Watch video interviews with the original development teams or explore numerous galleries containing hundreds of previously unreleased HD concept images and marketing assets.<br />•	Soundtrack:  Listen to the entire soundtracks for both games in the included music players. The ability to repeat and shuffle the songs is also supported.",APPAREL,0,MULTI-CHANNEL,78120954284025,Sony,0,GUEST_1214bec4-7d89-45c8-8640-31a30e9e2f66,GUEST_8f50c3c6-f6a7-46f6-8175-2f7593f99eb3,https://imagetarget.com/image/Target/
52259441,Ace Combat 7: Skies Unknown - ,"Putting gamers in the cockpit of the most advanced war planes ever developed, ACE COMBAT 7 delivers the ﬁercest air combat experience ever created through photorealistic visuals, intense dog-ﬁghting action, a multitude of authentic and futuristic aircraft to ﬂy, an immersive storyline, and even virtual reality!<br><br>Leveraging the power of the newest generation gaming consoles, ACE COMBAT 7 will blow players away with the evolution of its graphics engine. Beautifully rendered cloud-ﬁlled skies and highly detailed cityscapes enhance the sense of unparalleled speed and set the stage for the most engaging aerial battles in the franchise’s storied 20 year history. ACE COMBAT 7 will provide an arsenal of ultra-modern super weapons and formidable enemies that the series is known for.<br><br>PlayStation®4 players will be further immersed in ACE COMBAT 7’s realism through exclusive missions developed speciﬁcally for the Sony PlayStation VR",APPAREL,0,MULTI-CHANNEL,52259441284025,Sony,0,GUEST_7d23e0db-fedd-4fd7-89ae-bfa5d4c6f43b,GUEST_8eabd505-4527-4dc7-a2de-337703712d52,https://imagetarget.com/image/Target/
77332708,Cyberpunk 2077 - Xbox One,"Cyberpunk 2077 is an open-world, action-adventure story set in Night City, a megalopolis obsessed with power, glamour and body modification. You play as V, a mercenary outlaw going after a one-of-a-kind implant that is the key to immortality. You can customize your character’s cyberware, skillset and playstyle, and explore a vast city where the choices you make shape the story and the world around you.",APPAREL,0,MULTI-CHANNEL,77332708284025,Warner Bros.,0,GUEST_94d1278b-c1ef-459a-a592-35bf795d9c9b,GUEST_2d3d7b3e-295b-4f6c-8fb4-52643596eec0,https://imagetarget.com/image/Target/
54540698,Pokemon Shield - Nintendo Swit,"A new generation of Pokémon is coming to the Nintendo Switch system. Become a Pokémon Trainer, embark on a new journey in the new Galar region, and unravel the mystery behind the Legendary Pokémon Zacian and Zamazenta! Explore the Wild Area, a vast expanse of land where the player can freely control the camera. And participate in Max Raid Battles*** in which players will face off against gigantic and super-strong Pokémon known as Dynamax Pokémon.<br /> <br />Begin your adventure by choosing one of three new partner Pokémon: Grookey, Scorbunny, or Sobble and encounter new and familiar Pokémon as you catch, battle, and trade. Players can control the camera and explore the vast areas around them in the Wild Area. Team up with other players locally or online in the new multiplayer co-op Max Raid Battles. Trainers who possess the special item Dynamax Band can Dynamax their own Pokémon. Get ready for the next Pokémon adventure in the Pokémon Sword and Pokémon Shield games.<br /><br />If you don’t already have a Nintendo Switch Online membership, you can try it out with a free 7-day trial. Don't worry if you already activated a previous free trial— an additional seven-day free trial is now available.<br /> <br />Nintendo Switch Online membership and Nintendo Account required for online features. Free trial automatically converts to 1-month auto-renewing membership unless automatic renewal is turned off by the end of the free trial. Credit card/PayPal account required for 18+. Free trial cannot be redeemed by a Nintendo Account with an active Individual Membership or Family Membership. Not available in all countries. Internet access required for online features. Terms apply. nintendo.com/switch-online<br /><br />*Additional games and systems may be required; sold separately.<br />**Nintendo Switch Online membership (sold separately) and Nintendo Account required for online play. Not available in all countries. Internet access required for online features. Terms apply. nintendo website/switch-online<br />*** An internet connection is required to receive the special Meowth.<br /><br />Accolades:<br />IGN - “""...a complete joy to play.""” – 9.3/10 <br />GameSpot - “a consistent delight” – 9/10  <br />Newsweek - “The music and atmosphere of the Galar region makes it one of my all-time favorites…"" – 9/10 <br />Game Informer - ""an outstanding new installment"" – 8.75/10 <br />EGM - “...among the best games the series has ever offered."" – 4/5 <br />",APPAREL,0,MULTI-CHANNEL,54540698284025,Nintendo,0,GUEST_899c1b8e-7f3a-4b79-af4d-06e0baf062b1,GUEST_d9db387f-2d3e-4658-88f4-0783b3e38b55,https://imagetarget.com/image/Target/
76780149,The Legend of Zelda: Link&#39;,"<br />“Castaway, you should know the truth!”<br /><br />As Link, you awaken in a strange land away from Hyrule, where animals talk and monsters roam. To uncover the truth behind your whereabouts and rouse the legendary Wind Fish, explore Koholint Island and all its trap-ridden dungeons, reimagined in stunning detail for this new release of one of the most beloved The Legend of Zelda games. Along the way, you’ll meet a hilarious assortment of charming characters to which you’ll never want to say goodbye.<br /><br />In this new version of the game, the classic soundtrack has been reborn with new arrangements, and now you can equip more items at once, review key conversations, and navigate the map in new ways. Try your hand at the renovated mini-games to earn dolls based on the Super Mario series…or Chamber Stones. These unusual stones can be used to arrange your own Chamber Dungeons; each one is a puzzle in and of itself! Place chambers from dungeons found throughout the game on a series of objective-based grids… Where should the bosses go? How do you get from the entrance to the stairwell? They’re your dungeons, so arrange them however you see fit. To earn more Chamber Stones, you must conquer the main adventure’s dungeons and mini-games or tap any amiibo featuring a The Legend of Zelda character to unlock Chambers exclusive to amiibo. <br /><br />©1993-2019 Nintendo. The Legend of Zelda and Nintendo Switch are trademarks of Nintendo.<br />",APPAREL,0,MULTI-CHANNEL,76780149284025,Nintendo,0,GUEST_a98ecf27-8b81-42c1-bf55-81f6a42bc8f1,GUEST_2de019bb-fa14-46db-af29-75e3e57cb369,https://imagetarget.com/image/Target/
54644698,Tom Clancy's Ghost Recon: Brea,Experience a military shooter set in a diverse & hostile open world that you can play solo or up to four-player co-op.,APPAREL,0,MULTI-CHANNEL,54644698284025,Microsoft,0,GUEST_566cd713-6ff8-47d7-ad3f-ca4d9936ded8,GUEST_3c54fe25-1f14-436c-8f95-28932586795f,https://imagetarget.com/image/Target/
53563965,Spyro Reignited Trilogy - Play,"The original roast master is back! Same sick burns, same smoldering attitude, now all scaled up in stunning HD. Spyro is bringing the heat like never before in the Spyro Reignited Trilogy game collection. Rekindle the fire with the original three games, Spyro the Dragon, Spyro 2: Ripto's Rage! and Spyro: Year of the Dragon. Explore the expansive realms, re-encounter the fiery personalities and relive the adventure in fully remastered glory.<br><br>© 2018 Activision Publishing, Inc. ACTIVISION, SPYRO and SPYRO THE DRAGON are trademarks of Activision Publishing, Inc.",APPAREL,0,MULTI-CHANNEL,53563965284025,Activision,0,GUEST_74dad64a-3468-4372-88a6-467992aa289d,GUEST_68f2552a-3c04-41d4-aeee-949c7a6f4c0d,https://imagetarget.com/image/Target/
53693504,Team Sonic Racing - PlayStatio,"Team Sonic Racing combines the best elements of arcade and fast-paced competitive style racing as you face-off with friends in intense multiplayer racing. Race together and work together as a team by sharing power-ups and speed boosts. Take control of your racing style - Choose from 3 distinct character types and unlock game changing vehicle customization options to suit your racing style. Speed up. Gear Up - Team Racing at Sonic Speed!<br>Key Features: <br> -Online Multiplayer & Local Co-Op Modes - 12 players per race, 4 player split screen, and various offline / online race modes including Grand Prix Mode, Exhibition Mode, Time-Trial and Team Adventure Mode. <br> -Team Racing - Race as a team, win as a team. Use various team moves to assist your teammates, knock out opponents and unleash your Team Ultimate. <br> -Performance & Skin Customization - Alter the appearance and handling of your vehicle. <br>- Wisps - 14 spectacular offensive and defensive items to help overcome rival teams and get ahead! <br> -Adventure Mode - Unique story experience where players are introduced to basic game features and characters. <br> -Various Characters and Classes - 15 playable characters from across the Sonic Universe and 3 distinct character types including Speed, Technique, and Power classes.",APPAREL,0,MULTI-CHANNEL,53693504284025,Sony,0,GUEST_1b1e2b62-3eab-471a-95ea-06009cc6d376,GUEST_8373982f-8d44-443b-b40f-65fd05fce9dd,https://imagetarget.com/image/Target/
76633625,Just Dance 2020 - Nintendo Wii,"<p>Just Dance 2020 is the ultimate dance game with 40 hot tracks from chart-topping hits like ""Old Town Road (Remix)"" by Lil Nas X Ft. Billy Ray Cyrus and ""God Is A Woman"" by Ariana Grande. Keep the party going for hours with songs for the whole family to enjoy!</p>",APPAREL,0,MULTI-CHANNEL,76633625284025,Nintendo,0,GUEST_8a2fc76d-ff29-4d0f-9cf9-3076f989a2e4,GUEST_f6b7029a-0a99-49ae-b637-2866e0374188,https://imagetarget.com/image/Target/
15812884,Uncharted 4: A Thief's End - P,"Several years after his last adventure, retired fortune hunter, Nathan Drake, is forced back into the world of thieves. With the stakes much more personal, Drake embarks on a globe-trotting journey in pursuit of a historical conspiracy behind a fabled pirate treasure. His greatest adventure will test his physical limits, his resolve, and ultimately what he’s willing to sacrifice to save the ones he loves.<br><br>Pre-order UNCHARTED 4 now!<br>-UNCHARTED: Drake’s Fortune Outfit – Instantly unlock and equip across both competitive and cooperative play.<br>-Golden Weapon Skin – Instantly unlock and apply to all weapons in UNCHARTED 4: A Thief’s End Multiplayer<br>-UNCHARTED Points – in-game currency to unlock various multiplayer content.",APPAREL,0,MULTI-CHANNEL,15812884284025,PlayStation,0,GUEST_cbc6b2d8-f493-4321-8b23-1d89a78c6c45,GUEST_b876865e-284b-41ac-996b-9bf68eeb00b0,https://imagetarget.com/image/Target/
78175741,Disney Classic Games: Aladdin ,"Two of the most beloved Disney games of all time make their long-awaited return to modern consoles in Disney Classic Games: Aladdin and The Lion King! This unforgettable package of Disney classics is filled with tons of new features, enhancements, game modes, and display options, plus multiple versions of the games! Join Aladdin and his sidekick, Abu, as they race through the marketplace toward their date with destiny. Relive Aladdin’s classic adventure as you travel through Agrabah, the Cave of Wonders and more to defeat Jafar and rescue Jasmine.  Jump, fight, dodge and carpet-ride your way through this adventure, collecting gems along the way.  The Lion King brings to life the majesty and mystery of Africa through the tale of Simba, a lion cub faced with the challenging transition to maturity. Now, you too can be part of the adventure!  Driven into the wilderness by his evil uncle Scar, Simba finds salvation and Hakuna Matata with Pumbaa the warthog and Timon the meerkat.  Tackle heinous hyenas in the elephant’s graveyard, avoid the trampling hooves of stampeding wildebeest as you battle through 10 levels to ensure Simba claims his rightful place as The Lion King. <br /><br />Features<br />•	Multiple Game Versions: Play through several different versions of the beloved Aladdin and The Lion King games that have been created over the years, including both console and handheld versions. An all-new “Final Cut” version of Aladdin, developed exclusively for this collection, is also included and features difficulty adjustments, camera refinements, bug fixes, as well as a few additional surprises for fans.<br />•	Display Options and Updated Visuals: 1080P graphics and enhancements for modern HD TVs, adjustable screen aspect ratios and borders, and custom filter options designed to replicate classic CRT TVs and other popular screen types<br />•	In-Game Rewind: Instantly rewind any of the games in real-time in order to retry difficult areas <br />•	Interactive Game Viewer: View full game playthroughs, with the ability to skip forward, jump in, and start playing at any point<br />•	Save Feature:  Quickly save your progress in each of the games and continue your adventure wherever and whenever you want<br />•	Museum Features:  Take a journey behind-the-scenes and learn more about the creation of these incredible games. Watch video interviews with the original development teams or explore numerous galleries containing hundreds of previously unreleased HD concept images and marketing assets.<br />•	Soundtrack:  Listen to the entire soundtracks for both games in the included music players. The ability to repeat and shuffle the songs is also supported.",APPAREL,0,MULTI-CHANNEL,78175741284025,Nintendo,0,GUEST_2ac1eb31-d7cf-467b-ae90-f7ce62843a32,GUEST_966f8fa1-d4de-4b7f-bc84-932eda950051,https://imagetarget.com/image/Target/
79494596,Pokemon Mystery Dungeon Rescue,"What if you woke up one day, and you were a Pokémon? You can meet and recruit over 400 Pokémon in a dungeon-crawling adventure within their world! Build a rescue team to take on mysterious, changing dungeons and strategically plan your moves as you venture forth to make the Pokémon world a safer place…and uncover your true purpose along the way.<br /><br />As you recruit Pokémon, these trusty teammates will need somewhere to stay, so build rescue team camps to house, manage, and strengthen your Pokémon friends. Think hard about who is right for the job and how to approach each mysterious dungeon as you prepare a rescue team. You’ll move a single square at a time or use Auto mode to speed up movement until you engage other Pokémon in turn-based battles—but don’t forget about Pokémon strengths, weaknesses and potential rare qualities! Even the most capable rescue teams need help sometimes, so if you find yourself in trouble you can send a rescue request to other players online*, or use an offline password system. This version adds Mega Evolved Pokémon, gorgeous watercolor-inspired graphics, and more! Get comfortable in being a Pokémon, there’s a lot of work to do.<br /><br />* Nintendo Switch Online membership (sold separately) and Nintendo Account required for online features. Not available in all countries. Internet access required for online features. Terms apply. nintendo.com/switch-online<br />For eShop Demo: Download the demo and carry your progress to the full game.<br /><br />©2020 Pokémon. ©1995–2020 Nintendo / Creatures Inc. / GAME FREAK inc. ©1993–2020 Spike Chunsoft. Pokémon and Nintendo Switch are trademarks of Nintendo. © 2020 Nintendo.<br />",APPAREL,0,MULTI-CHANNEL,79494596284025,Nintendo,0,GUEST_17da95cc-b533-4794-9c18-98ae4ef5a047,GUEST_91ef5938-4016-429a-8285-38f1b17486c3,https://imagetarget.com/image/Target/
54637391,NHL 20 - Xbox One,"In EA SPORTS NHL 20 , your favorite NHL stars now look and feel more authentic with new<br />Signature Shots and over 45 new shot types that make every attack a threat. A new broadcast<br />package celebrates your biggest plays as you take on all-new game modes, including the new<br />winner-take-all Eliminator mode where you play solo or team up with friends to take down the<br />competition.<br />",APPAREL,0,MULTI-CHANNEL,54637391284025,Electronic Arts,0,GUEST_c6680261-92e0-44ec-a419-28c9a255783e,GUEST_41cfbf45-189d-4ea7-81a1-26dddfbe3859,https://imagetarget.com/image/Target/
54440269,Assassin's Creed III: Remaster,"Relive the American Revolution or experience it for the first time in Assassin's Creed III Remastered, with enhanced graphics and improved gameplay mechanics. Plus, Assassin's Creed III Liberation Remastered and all solo DLC content are included.<br />",APPAREL,0,MULTI-CHANNEL,54440269284025,Sony,0,GUEST_81b5ad3a-a855-4e7f-b5be-b02957df29c2,GUEST_496ca325-f6e5-41d2-a84c-fe9ab5e25f57,https://imagetarget.com/image/Target/
53480285,Crash Bandicoot N. Sane Trilog,"Put your gaming hats on and lose yourself in the Crash Bandicoot - Xbox One.
Crash Bandicoot is back and ready to dance again. This quirky marsupial strikes
again to take on challenges and adventures through all three games. Crash
Bandicoot N. Sane Trilogy features new trime trials for all 3 games and online
leader boards. All three games are fully remastered in HD and provide you
with immersive graphics & realistic gameplay. It includes Crash Bandicoot 3:
Warped, Crash Bandicoot and Crash Bandicoot 2 Cortex Strikes Back. This trilogy
of Crash Bandicoot games are sure to keep you entertained for long hours. This
species of  Bandicoot from Australia will be your favorite animal this year!",APPAREL,0,MULTI-CHANNEL,53480285284025,Activision,0,GUEST_31d710bc-2260-4369-8535-cbc4c28f32f5,GUEST_94465aaa-495c-484f-8825-e5acd0e89a66,https://imagetarget.com/image/Target/
76633646,Jumanji: The Video Game - Nint,"Unite in adventure and laughter in the action-packed game of Jumanji, as you try to survive the ultimate challenge for those seeking to leave their world behind! Only you and three teammates can recover the JEWELS and save Jumanji. Get online, gather friends for split-screen play, or go alone with AI companions. There's an army of evil marauders to take on, deadly beasts and traps to dodge, and cool customizations to unlock. With heroes Dr. Bravestone, Ruby, Mouse, and Prof. Oberon as your avatars, you know you've got the unique abilities - and hilarious failings - to save the day!<br /><br />Key Features:<br />- Return to the jungle - Play as movie heroes Dr. Bravestone, Ruby, Mouse, and Prof. Shelley in a hilarious new 3D action adventure<br />- Team up - In online or split-screen modes, work together with up to three friends or AI teammates to defeat enemies, survive deadly traps, and save the world <br />- Dangerous locations - The world of Jumanji gets bigger with beautiful but deadly new mountain, city and jungle environments<br />- Endless adventure - As you hone your skills and strategies, and unlock new outfits and weapon styles, no two rounds of Jumanji are ever the same!",APPAREL,0,MULTI-CHANNEL,76633646284025,Nintendo,0,GUEST_4f1ebf41-73d6-4b63-a5c5-70ebbe3146cc,GUEST_5dabc414-65cb-4ce7-96c1-b72bd5a96d38,https://imagetarget.com/image/Target/
76620912,NASCAR Heat 4 - PlayStation 4,"NASCAR Heat 4 is the official game of NASCAR, featuring the 2019 Monster Energy NASCAR Cup Series, NASCAR Xfinity Series, NASCAR Gander Outdoors Truck Series and fan-favorite, Xtreme Dirt Tour. Career mode enhancements, updated visuals and new engine audio immerses players in the race. The new track map and un-lockable paint schemes, combined with new AI controls, and drafting features gives players a more authentic feel for the action. Compete across 38 tracks against the 150+ official NASCAR teams and drivers as you race for the championship! !<br /><br />- New graphics & sound - Biggest improvement in graphics and sound in nearly a decade.<br />- New features - Track Map, Unlockable Paint Schemes, Control Options, Enhanced Career Mode<br />- Drafting - Team up and draft with other drivers. Seize the moment and break from the pack when the time is right! <br />- Competitive, smarter AI - Multiple racing lines and new controls for skill range, stability, spread, and mechanical failures. <br />- NASCAR ESports - NASCAR Heat 4 is the only way to qualify for the eNASCAR Heat Pro League where you can race for a real NASCAR race team.<br />- $50 NASCAR race ticket - Restrictions apply. See voucher for details and participating tracks.",APPAREL,0,MULTI-CHANNEL,76620912284025,Sony,0,GUEST_0a54e9cf-1a74-4e2b-9d3b-1b4a7de461aa,GUEST_f4f2d693-400f-4705-aea4-040bcd4d4109,https://imagetarget.com/image/Target/
76835665,Final Fantasy VII: Remake - Pl,"A spectacular reimagining of one of the most visionary games ever, FINAL FANTASY VII REMAKE rebuilds and expands the legendary RPG for today. The first game in the FINAL FANTASY VII REMAKE project, delivering a level of depth inconceivable for the original. Mind-blowing story, unforgettable characters, epic battles and technical excellence collide. The world has fallen under the control of the Shinra Electric Power Company, a shadowy corporation controlling the planet's very life force as mako energy. In the sprawling city of Midgar, an anti-Shinra organization calling themselves Avalanche have stepped up their resistance. Cloud Strife, a former member of Shinra's elite SOLDIER unit now turned mercenary, lends his aid to the group, unaware of the epic consequences that await him.<br /><br />1997, 2020 SQUARE ENIX CO., LTD. All Rights Reserved.<br />CHARACTER DESIGN: TETSUYA NOMURA / ROBERTO FERRARI LOGO ILLUSTRATION: 1997 YOSHITAKA AMANO FINAL FANTASY, FINAL FANTASY VII REMAKE, SQUARE ENIX and the SQUARE ENIX logo are registered trademarks or trademarks of Square Enix Holdings Co., Ltd",APPAREL,0,MULTI-CHANNEL,76835665284025,Sony,0,GUEST_68693479-e289-4996-b58e-d9a94eb0d4cd,GUEST_39b10080-b3f7-4880-8f38-81d21de421a8,https://imagetarget.com/image/Target/
51223091,Gran Turismo Sport - VR Mode I,"Gran Turismo Sport<br>Welcome to the future of motorsports - the definitive motor racing experience is back and better than ever only on PlayStation 4.<br><br>Gran Turismo Sport is the world's first racing experience to be built from the ground up to bring global, online competitions sanctioned by the highest governing body of international motorsports, the FIA (Federation International Automobile). Create your legacy as you represent and compete for your home country or favorite manufacturer.",APPAREL,0,MULTI-CHANNEL,51223091284025,PlayStation,0,GUEST_90754d86-6455-4ee0-a557-025f0e594c2e,GUEST_06da68e2-ce1e-4436-9f0d-2cf5e5ae3bb7,https://imagetarget.com/image/Target/
79503839,Gigantosaurus The Game - Ninte,"Explore and race across the prehistoric world of Gigantosaurus. This Disney dino tale is part saving the world, part super race, and all giant fun! <br /><br />Rocky, Tiny, Mazu and Bill have scary problems – like the meteor that’s blocked up Giganto’s volcano! Only you and your dino friends can dare to solve puzzles and save the day – but you might need Giganto’s powers too! And the end of each story is the start of a super rally to the next zone. Will you be the most roarsome adventurer or the fastest racer?",APPAREL,0,MULTI-CHANNEL,79503839284025,Nintendo,0,GUEST_4cb88769-f69c-4b49-ac3d-aaf2202f0e87,GUEST_1d40ec80-d0ec-4440-8b94-b688347bc692,https://imagetarget.com/image/Target/
54498963,Astral Chain - Nintendo Switch,"ASTRAL CHAIN, a brand new action game from PlatinumGames!<br /><br />The few survivors of a massive global disaster gather together in a futuristic megacity. Now it’s your job to protect them against otherworldly invaders–but you’re not alone as a member of a special police task force equipped with sentient armaments called Legions. In this brand-new action game from PlatinumGames, control the protagonist and a Legion simultaneously to chain stylish combos. Change Legions on the fly to vary your style and unleash a variety of abilities. The last remnants of humanity depend on you, and to save the world, you must investigate its dark side. Explore a near-future cyberpunk metropolis, solving crimes and seeing how the last remnants of humanity struggle to survive. As you save the world from extradimensional invaders called chimeras, you’ll also interact with citizens, question suspects, and team up with members of your task force to solve cases. Utilizing the abilities of Legions will be necessary in these investigations; you may need to track the scent of a missing person or subdue aggressive criminals! Beyond this last land left to humanity lies the Astral Plane, the alternate dimension from which the chimeras invade. As you explore its labyrinthine corridors, you must use your Legions to solve environmental puzzles and expose the secrets of this strange realm.<br />",APPAREL,0,MULTI-CHANNEL,54498963284025,Nintendo,0,GUEST_493621bd-cbcd-4678-847b-cbc576dc94c3,GUEST_5a938715-87d1-4f73-b3cc-d039b32ecfaa,https://imagetarget.com/image/Target/
52428550,Cars 3: Driven to Win - Ninten,"Start your engines and gear up for an all-new action-packed adventure in Cars 3: Driven to Win inspired by Disney-Pixar's film, Cars 3. Join Lightning McQueen and Cruz Ramirez as they prepare for a rematch against rival racer Jackson Storm.<br /><br />Master your driving skills for the ultimate world-class, competitive racing experience. Dive in and play with over 20 customizable characters including the beloved Lightning McQueen, Jackson Storm, along with Cruz Ramirez and the next generation of racers. Cruise through over 20 tracks set in iconic locations from the film such as Radiator Springs and Florida International Speedway.<br /><br />On the road to becoming a Hall of Fame Driver, training and skill will give you an edge in a race that anyone can win.",APPAREL,0,MULTI-CHANNEL,52428550284025,Warner Bros.,0,GUEST_f3dd511d-4470-4fdf-9f83-d0ca6c9e5576,GUEST_56989d5c-b438-41d8-b28a-028e2f567c26,https://imagetarget.com/image/Target/
54234515,MLB The Show 19 - PlayStation ,"The Show is back! MLB® The Show™ 19 brings you the best of baseball. Play America’s pastime your way, with new game modes, expanded team building and player customization, and an extensive personalized RPG experience. Create your own player and rise through the MLB ranks or play against others as baseball’s greatest stars and legends. Fierce online competition*, exciting RPG action, lightning fast gameplay––The Show 19 has it all.  <br /><br />This is more than baseball. Welcome to The Show.<br />",APPAREL,0,MULTI-CHANNEL,54234515284025,PlayStation,0,GUEST_b487ff10-4d8a-4b9a-85cb-3b48bdf18074,GUEST_2bfda2a4-2cc6-44df-8875-e9155cae5e95,https://imagetarget.com/image/Target/
53742057,Doom: Eternal - PlayStation 4,"Developed by id Software, DOOM® Eternal™ is the direct sequel to DOOM®, winner of The Game Awards’ Best Action Game of 2016. Experience the ultimate combination of speed and power as you rip-and-tear your way across dimensions with the next leap in push-forward, first-person combat. Powered by idTech 7 and set to an all-new pulse-pounding soundtrack composed by Mick Gordon, DOOM Eternal puts you in control of the unstoppable DOOM Slayer as you blow apart new and classic demons with powerful weapons in unbelievable and never-before-seen worlds.<br /><br />As the DOOM Slayer, you return to find Earth has suffered a demonic invasion. Raze Hell and discover the Slayer’s origins and his enduring mission to rip and tear…until it is done.<br /><br />FEATURES:  <br />Slayer Threat Level at Maximum<br />Gain access to the latest demon-killing tech with the DOOM Slayer’s advanced Praetor Suit, including a shoulder-mounted flamethrower and the retractable wrist-mounted DOOM Blade. Upgraded guns and mods, such as the Super Shotgun’s new distance-closing Meat Hook attachment, and abilities like the Double Dash make you faster, stronger, and more versatile than ever. <br /><br />Unholy Trinity<br />You can’t kill demons when you’re dead, and you can’t stay alive without resources. Take what you need from your enemies: Glory kill for extra health, incinerate for armor, and chainsaw demons to stock up on ammo. These tools are the key to your survival and becoming the ultimate demon-slayer.  <br /><br />A New Class of (Destructible) Demon<br />Obliterate more demons than ever before, each with unique attacks and abilities. Fan-favorite classics such as the Pain Elemental, Archvile, and Arachnotron make their return, while a horde of totally-new demons join the roster including the DOOM Hunter, Marauder, and the Gladiator. Rip apart your favorite demons to the core with DOOM Eternal’s “destructible demons” system and take your power fantasy to new levels. <br /><br />Enter BATTLEMODE<br />BATTLEMODE is the new 2 versus 1 multiplayer experience built from the ground up at id Software. A fully-armed DOOM Slayer faces off against two player-controlled demons, duking it in a best-of-five round match of intense first-person combat. BATTLEMODE launches with 6 handcrafted maps and 5 playable demons – the Marauder, Archvile, Revenant, Mancubus and Pain Elemental.",APPAREL,0,MULTI-CHANNEL,53742057284025,Bethesda,0,GUEST_fcc95873-58f0-43c5-8516-2070b258aafa,GUEST_aed61762-421f-418d-9216-12e8d758c9e1,https://imagetarget.com/image/Target/
77471099,Super Monkey Ball: Banana Blit,"Roll toward time-bound goals in Super Monkey Ball: Banana Blitz HD for Nintendo Switch. Over 100 stages provide challenging courses for collecting bananas stolen by Captain Crabuchin, and 10 party games provide fun competitions with friends. Test your speed on time attack mode and join a decathlon to participate in the online leaderboards of Super Monkey Ball: Banana Blitz HD.",APPAREL,0,MULTI-CHANNEL,77471099284025,Nintendo,0,GUEST_ef1f0053-3652-4633-bbc2-2b84f7e87cc0,GUEST_5633f250-aadb-49f5-8e0f-507cea716e57,https://imagetarget.com/image/Target/
78857526,Minecraft - PlayStation 4,"Minecraft is a game about placing blocks and going on adventures. Build anything you can imagine with unlimited resources in Creative mode, or go on grand expeditions in Survival, journeying across mysterious lands and into the depths of your own infinite worlds. Will you hide from monsters or craft tools, armor and weapons to fight back? No need to go alone! Share the adventure with friends in split-screen multiplayer and online!**<br />With constant updates and community creations, Minecraft is bigger, better and more beautiful than ever before. Explore amazing player-made maps, thrilling minigames and more! Band together with friends playing on phone, Windows 10 or console, set up your own online world with Realms*, or join one of the massive player-run servers! There are so many ways to play!<br /><br />*Realms requires paid subscription (sold separately).<br />**Online multiplayer requires an active PS Plus membership.<br />",APPAREL,0,MULTI-CHANNEL,78857526284025,PlayStation,0,GUEST_51912071-93e6-41e7-8d89-01412dbfefc0,GUEST_2f1fa10e-0268-4a33-b178-e61385bda7c5,https://imagetarget.com/image/Target/
54004727,Devil May Cry 5 - PlayStation ,"A brand new entry in the legendary over-the-top action series comes to Xbox One, PlayStation 4, and PC on March 8,2019, complete with its signature blend of high-octane stylized action and otherworldly and original characters the series is known f or. Director Hideaki Itsuno and the core team have reunited to create the most over the top, technically advanced, utterly insane action experience of this generation. Years have passed since the legions of hell have set foot in this world, but now a new demonic invasion has begun, and humanity's last hope will rest in the hands of three lone demon hunters, each offering a radically different play style. United by fate and a thirst for vengeance, these demon hunters will have to face their demons in the hope to survive.<br />Features<br />- Legendary action series returns - The 16 million unit selling series is back with original Director Hideaki Itsuno at the helm of development.<br />- A battle of good and evil - A demonic invasion begins with the seeds of a ""demon tree"" taking root in Red Grave City. This hellish incursion attracts the attention of the young demon hunter, Nero, an ally of Dante who now finds himself without his demonic arm, the source of much of his power. The supernatural family drama also continues as Dante, the Son of Sparda, seeks revenge for his brother's corruption and mother's murder.<br />- High octane stylized action - Featuring three playable characters each with a radically different stylish combat play style as they take on the city overrun with demons.<br />- Groundbreaking graphics - Developed with Capcom's in-house proprietary RE engine, the series continues to achieve new heights in fidelity with graphics that utilize photorealistic character designs and stunning lighting and environmental effects.<br />- Take down the demonic invasion - Battle against epic bosses in adrenaline fueled fights across the over-run Red Grave City.<br />- Demon hunter - Nero, one of the series main protagonists and a young demon hunter who has the blood of Sparda, heads to Red Grave City to face the hellish onslaught of demons, with weapons craftswoman and new partner-in-crime, Nico.",APPAREL,0,MULTI-CHANNEL,54004727284025,Sony,0,GUEST_110edd15-afe6-49e8-b8b3-41341391fb3b,GUEST_4733fd3e-6b6a-4f1f-b1ba-fb7cfa32f026,https://imagetarget.com/image/Target/
53797889,American Ninja Warrior Challen,"Experience the trill of being an American Ninja Warrior from the comfront of your own home! Jump, Swing, Balance and Sprint your way to Victory! Race the clock and your friends in this intuitive and addictive game through a variety of frantic obstacle courses. Those who successfully complete the city courses move on to the finals where they face a stunning four-stage course modeled after the famed Mt. Midoriyama course in Japan.",APPAREL,0,MULTI-CHANNEL,53797889284025,Solutions 2 Go,0,GUEST_16552caa-5102-410c-bded-66ee8e70f82c,GUEST_4269e54e-4afa-4982-8111-898ef573e1c4,https://imagetarget.com/image/Target/
76628585,Jumanji: The Video Game - Play,"Unite in adventure and laughter in the action-packed game of Jumanji, as you try to survive the ultimate challenge for those seeking to leave their world behind! Only you and three teammates can recover the JEWELS and save Jumanji. Get online, gather friends for split-screen play, or go alone with AI companions. There's an army of evil marauders to take on, deadly beasts and traps to dodge, and cool customizations to unlock. With heroes Dr. Bravestone, Ruby, Mouse, and Prof. Oberon as your avatars, you know you've got the unique abilities - and hilarious failings - to save the day!<br /><br />Key Features:<br />- Return to the jungle - Play as movie heroes Dr. Bravestone, Ruby, Mouse, and Prof. Shelley in a hilarious new 3D action adventure<br />- Team up - In online or split-screen modes, work together with up to three friends or AI teammates to defeat enemies, survive deadly traps, and save the world <br />- Dangerous locations - The world of Jumanji gets bigger with beautiful but deadly new mountain, city and jungle environments<br />- Endless adventure - As you hone your skills and strategies, and unlock new outfits and weapon styles, no two rounds of Jumanji are ever the same!",APPAREL,0,MULTI-CHANNEL,76628585284025,Sony,0,GUEST_f2f33578-c4de-4f91-9d84-34b4a704137d,GUEST_5dabc414-65cb-4ce7-96c1-b72bd5a96d38,https://imagetarget.com/image/Target/
79521235,The Outer Worlds - Nintendo Sw,"The 2019 award winning RPG is now coming to Nintendo Switch. The Outer Worlds is a new single-player first-person sci-fi RPG from Obsidian Entertainment and Private Division. In The Outer Worlds, you awake from hibernation on a colonist ship that was lost in transit to Halcyon, the furthest colony from Earth located at the edge of the galaxy, only to find yourself in the midst of a deep conspiracy threatening to destroy it. As you explore the furthest reaches of space and encounter various factions, all vying for power, the character you decide to become will determine how this player-driven story unfolds. In the corporate equation for the colony, you are the unplanned variable.",APPAREL,0,MULTI-CHANNEL,79521235284025,Private Division,0,GUEST_b0c76fb9-c108-4ab8-b1fb-fa3e51671306,GUEST_fad6d3d1-c513-405f-95e8-92977277244b,https://imagetarget.com/image/Target/
54136584,Yoshi's Crafted World - Ninten,"Jump into a new Yoshi adventure in a world made of everyday objects-like boxes and paper cups! As Yoshi, you'll leap up high, gulp down enemies, and set out on a treasure hunt to find all the different collectables. On the flip side, stages can be played backwards, providing new perspectives to explore and new ways to locate some of the more craftily hidden items!<br /><br />It all started when Kamek and Baby Bowser set out to steal a gem-set stone. Legend has it that this fabled artifact can grant the bearer their wildest dreams! But when the artifact's gems are sent flying, it falls upon Yoshi and friends to find them. Luckily, saving the day can be cooperative and challenging. Pass a Joy-Con controller to a friend to team up as fellow Yoshis. Also, Mellow mode gives Yoshi wings for a breezier experience, which may come in handy! Finding all the flowers, coins, and Poochy Pups is no small feat! For extra protection, suit up in one of the handicraft costumes you can unlock in-game!",APPAREL,0,MULTI-CHANNEL,54136584284025,Nintendo,0,GUEST_c6cfa1ff-82dd-4eaa-b688-f5fde94326c5,GUEST_40476e49-d949-4989-9fde-648235e588c0,https://imagetarget.com/image/Target/
52473246,Uncharted: The Lost Legacy - P,"From award-winning developer Naughty Dogcomes a brand new UNCHARTED game, starring Chloe Frazer.<br>In order to recover ancient artifact and keep it out of the hands of a ruthless warmonger, Chloe must enlist the aid of renowned mercenary Nadine Rossand venture to India's Western Ghatsto locate the Golden Tuskof Ganesh.In Chloe's greatest journey yet, she must confront her past and decide what she's willing to sacrifice to forge her own legacy.<br>Includes access to UNCHARTED 4: A Thief's End Multiplayer and Survival modes. Online multiplayer on PS4 requires a PlayStationPlus membership, sold separately.<br>* In addition, instantly unlock the Uncharted 4 Multiplayer Bundle to boost your multiplayer career with access to all the core unlocks* ($9 value): <br>* 14 Weapons<br>* 15 Boosters<br>* 3 Mysticals<br>* 3pc of Gear<br>* 2 Sidekicks <br>* 7 Additional Loadout Points<br>*Does not include Hero Weapons or mods for Long Guns, Pistols, Sidekicks, or Mysticals.<br><br>Owners of UNCHARTED 4: A Thief's End Digital Deluxe Edition, UNCHARTED 4: A Thief's End Triple Pack, and UNCHARTED 4: A Thief's End Explorer's Pack will receive UNCHARTED: The Lost Legacy as a download at launch.",APPAREL,0,MULTI-CHANNEL,52473246284025,Sony,0,GUEST_b86d93d5-5204-4199-9aaa-da76cc6fb61f,GUEST_0d32988f-0462-4280-844f-ce04bb70fe7f,https://imagetarget.com/image/Target/
79797177,Bioshock: The Collection - Nin,"Experience the unforgettable worlds and monumental stories of the award-winning BioShock series with BioShock: The Collection. Journey to the cities of Rapture and Columbia across BioShock Remastered, BioShock 2 Remastered, and BioShock Infinite: The Complete Edition, including all single-player add-on content. Fight for your life and outsmart your enemies, be it deep beneath the waves or high above the clouds.<br /><br />Includes:<br />• BioShock Remastered: Explore the undersea city of Rapture, a haven for society's greatest minds that has devolved into a dystopian nightmare wrought by one man's hubris.<br /><br />• BioShock 2 Remastered: See Rapture through the eyes of Subject Delta, a fearsome Big Daddy prototype on a life-or-death mission to rescue his missing Little Sister.<br /><br />• BioShock Infinite: The Complete Edition: Indebted to the wrong people, private investigator Booker DeWitt must take on an impossible task: travel to a flying city above the clouds, and rescue a woman named Elizabeth.<br /><br />© 2002-2020 Take-Two Interactive Software, Inc. All rights reserved. Developed by 2K Boston and 2K Australia. BioShock, 2K, 2K Boston, 2K Australia,  and respective logos are all trademarks and/or registered trademarks of Take-Two Interactive Software, Inc. Unreal® is a registered trademark of Epic Games, Inc. Unreal® Engine. Copyright 1998-2020, Epic Games, Inc. All rights reserved. BioShock uses Havok®, Copyright 1999-2020 Havok.com, Inc. (and its Licensors). All Rights Reserved. See www.havok.com for details. Uses Bink Video. Copyright © 1997- 2020 by RAD Game Tools Inc. All rights reserved. All other marks and trademarks are the property of their respective owners. All rights reserved. <br />The content of this videogame is purely fictional, is not intended to represent or depict any actual event, person, or entity, and any such similarities are purely coincidental. The makers and publishers of this videogame do not in any way endorse, condone, or encourage engaging in any conduct depicted in this videogame.<br />",APPAREL,0,MULTI-CHANNEL,79797177284025,2K Games,0,GUEST_d5f89796-8b0e-49f9-9a3f-242903b244db,GUEST_a3b87141-6eae-4357-af25-015d020e90c0,https://imagetarget.com/image/Target/
79503823,My Hero One&#39;s Justice 2 - ,"Bring out your hidden quirks in MY HERO ONE'S JUSTICE 2. An array of 40 playable characters lets you assemble a unique team of fighters, so you can unleash devastating combos that help boost your Ultra Plus meter. Based on the hit anime series, MY HERO ONE'S JUSTICE 2 lets fans reenact epic battles between their favorite heroes and villains.<br /><br />The battle for justice continues, but this time the fight gets bigger, worse, and quirkier in MY HERO ONE'S JUSTICE 2.<br /><br />Based on the hit anime series, all of your favorite characters return in this 3D arena fighter that pits heroes and villains in the ultimate test for righteousness.<br /><br />Play through the anime, and experience memorable fights as you relive iconic scenes.<br /><br />Pick up after the finish of MY HERO ONE'S JUSTICE, and see what happens to Deku and the class at U.A.<br /><br />The cast from MY HERO ONE'S JUSTICE are back, and they're now joined by newly added characters from the series.<br /><br />With 40 playable characters, build your dream team with your favorite hero or villain. Fight to build up your Plus Ultra meter, and pull off quirks in special combos that go beyond.",APPAREL,0,MULTI-CHANNEL,79503823284025,Nintendo,0,GUEST_f16034b3-350e-4445-b7de-dec6a51135e0,GUEST_3002e412-a3f6-4c2e-9270-fdfdac46b140,https://imagetarget.com/image/Target/
53916175,America's Greatest Game Shows:,"Enjoy an authentic TV show experience with America's Greatest Game Shows: Wheel of Fortune & Jeopardy! Play anytime, anywhere. Perfect for a family-friendly game night - or challenge yourself against players around the world online.<br>",APPAREL,0,MULTI-CHANNEL,53916175284025,Ubisoft,0,GUEST_9712b243-43a5-4550-847d-7ca95cad7537,GUEST_9712b243-43a5-4550-847d-7ca95cad7537,https://imagetarget.com/image/Target/
53958571,Tom Clancy's: The Division 2 -,"PRODUCT DESCRIPTIONS:<br>The fate of the free world is on the line in Tom Clancy's The Division 2. Lead a team of elite agents into a post-pandemic Washington, DC, to restore order and prevent the collapse of the city. <br><br>PRE-ORDER OFFER:<br>Pre-order now to get the Capitol Defender Pack, including the Exotic SPAS-12 Shotgun and Hazmat 2.0 Outfit.",APPAREL,0,MULTI-CHANNEL,53958571284025,Xbox,0,GUEST_1837ab59-68c9-4acd-b71d-0bdfbe1b4ccd,GUEST_fd011350-890a-4a8a-8c62-f666812c8e29,https://imagetarget.com/image/Target/
17486598,LEGO Marvel&#39;s Avengers - P,"Computer gaming just got a whole lot more awesome now that the uber-exciting LEGO Marvel's Avengers (PlayStation 4) has come along. In this day and age, video gaming has gone way beyond the passing fad it used to be - think corner arcades from the early 1970s. Video games are now an intrinsic part of everyday life all over the world and guess what, studies show they're good for you too. Yeah, you heard that right. Computer games help boost memory, increase coordination, improve cognitive thinking, sharpen decision making skills, and reduce stress. Oh, and they're super-fun too. Game on!",APPAREL,0,MULTI-CHANNEL,17486598284025,Sony,0,GUEST_9b3da3c5-ea0b-4f60-98eb-f0c35bd7d74d,GUEST_a3b7d6bf-6782-4ab7-afdc-a6ea6382caa4,https://imagetarget.com/image/Target/
53711565,Grand Theft Auto V: Premium Ed,"Become the boss of all Los Santos in Grand Theft Auto V: Premium Edition for Xbox One. With this complete edition of GTA V, you gain access to the standard story mode, Grand Theft Auto Online, the Criminal Enterprise Starter Pack, Launch Your Criminal Empire, a fleet of new vehicles and plenty of new weapons, clothing and tattoos for an immersive experience you will never forget. Play as Michael Townley, Trevor Philips and Brad Snider as you partake in robbery, heists, fraud and other crimes. With immersive open-world gameplay, you can explore everything Los Santos has to offer and make it your own.",APPAREL,0,MULTI-CHANNEL,53711565284025,Take-Two Interactive,0,GUEST_dac72c06-1562-40d3-b528-ee06afb98449,GUEST_f7bf2558-6b0f-41a4-8569-d1b8b3eb8024,https://imagetarget.com/image/Target/
52650110,LEGO Worlds - Nintendo Switch,"LEGO® Worlds is coming to the Nintendo Switch this September! LEGO® Worlds is a galaxy of imaginative Worlds made entirely of LEGO bricks where players can explore, discover and create together. Buy LEGO Worlds on Switch and get access to two themed DLC packs for free: Classic Space and one more that releases later this year! Blast off with astronauts, explore the Moon Biome in awesome space vehicles, and build new items, structures and more inspired by your favorite LEGO Space playsets with the Classic Space Pack. In LEGO Worlds, anything is possible!",APPAREL,0,MULTI-CHANNEL,52650110284025,Warner Bros.,0,GUEST_250ccb52-f50d-4bf8-b79c-87ead1725e5d,GUEST_250ccb52-f50d-4bf8-b79c-87ead1725e5d,https://imagetarget.com/image/Target/
17437224,LEGO Jurassic World - PlayStat," Jurassic Park, PS4 and Legos, the secret ingredient for an
 enchanting gameplay. And the LEGO Jurassic World from PS4 weaves them
 together perfectly for an amazing game. Based on the storyline of the
 Jurassic Park franchise, this PS4 game has been modified to enhance the
 gaming experience with 5 levels for each movie in the series. You will
 get to step into the shoes of the character and be a part of the
 adventure they were. From raptors to triceratops, the game features
 around 20 dinosaur species. The best part about the game is it includes
 all the serious and famous scenes that appear in the movie. What are you
 waiting for? Enter the world of Isla Nublar and have an exciting tour of
 Jurassic Park.",APPAREL,0,MULTI-CHANNEL,17437224284025,Sony,0,GUEST_531c7f18-d60c-48ad-b33b-7bea3e1be073,GUEST_0c8ea852-1a29-476a-b45a-07f2064df0f7,https://imagetarget.com/image/Target/
54633410,Plants vs. Zombies:  Battle fo,"Welcome to Neighborville, where all is well. Except that a crazy new coniferous conflict between brain-less and botanicals is brewing! What are you gonna do – call the crops? Soil your plants? Prepare to kick some grass in a plant-on-zombie conflict that will take you to the outer edges of Neighborville and back again.",APPAREL,0,MULTI-CHANNEL,54633410284025,Electronic Arts,0,GUEST_f8541624-9ee0-465a-b415-8f98866c54e5,GUEST_f7665647-fa02-44ad-a4ea-2fd444e65e85,https://imagetarget.com/image/Target/
53693518,Team Sonic Racing - Nintendo S,"Team Sonic Racing combines the best elements of arcade and fast-paced competitive style racing as you face-off with friends in intense multiplayer racing. Race together and work together as a team by sharing power-ups and speed boosts. Take control of your racing style - Choose from 3 distinct character types and unlock game changing vehicle customization options to suit your racing style. Speed up. Gear Up - Team Racing at Sonic Speed!<br />Key Features: <br />- Online Multiplayer & Local Co-Op Modes - 12 players per race, 4 player split screen, and various offline / online race modes including Grand Prix Mode, Exhibition Mode, Time-Trial and Team Adventure Mode. <br />- Team Racing - Race as a team, win as a team. Use various team moves to assist your teammates, knock out opponents and unleash your Team Ultimate. <br />- Performance & Skin Customization - Alter the appearance and handling of your vehicle. <br />- Wisps - 14 spectacular offensive and defensive items to help overcome rival teams and get ahead! <br />- Adventure Mode - Unique story experience where players are introduced to basic game features and characters. <br />- Various Characters and Classes - 15 playable characters from across the Sonic Universe and 3 distinct character types including Speed, Technique, and Power classes.<br />",APPAREL,0,MULTI-CHANNEL,53693518284025,Nintendo,0,GUEST_02905668-379c-4e2e-938a-4ca808ee18bc,GUEST_8373982f-8d44-443b-b40f-65fd05fce9dd,https://imagetarget.com/image/Target/
78810739,LEGO Harry Potter Collection -,"<br />Immerse yourself in the wizarding world with the LEGO Harry Potter Collection. This video game lets you attend Hogwarts with Harry, Ron and Hermione from year one to year seven. Learn to cast spells from simple levitation to Unforgivable Curses as you play LEGO Harry Potter Collection for the PlayStation 4.",APPAREL,0,MULTI-CHANNEL,78810739284025,Warner Bros.,0,GUEST_63e66322-b660-4283-863c-0e33c0dc34cc,GUEST_d79e0842-d5c8-41b9-a1ad-b098029d95a2,https://imagetarget.com/image/Target/
54633508,Plants vs. Zombies: Battle for,"Welcome to Neighborville, where all is well. Except that a crazy new coniferous conflict between brain-less and botanicals is brewing! What are you gonna do – call the crops? Soil your plants? Prepare to kick some grass in a plant-on-zombie conflict that will take you to the outer edges of Neighborville and back again.",APPAREL,0,MULTI-CHANNEL,54633508284025,Electronic Arts,0,GUEST_063e4ffa-b4e1-458a-a299-ac9f9db3583d,GUEST_b795088b-1774-44fb-8d28-0f3c2383765b,https://imagetarget.com/image/Target/
54467272,Crash Team Racing: Nitro Fuele,"BEST SPORTS/RACING GAME - The Game Awards 2019<br />BEST RACING GAME OF 2019 - IGN<br />BEST RACING GAME - Brazil Game Awards 2019<br /><br />Crash is back in the driver’s seat! Get ready to go fur-throttle with Crash™ Team Racing Nitro-Fueled. It’s the authentic CTR experience plus a whole lot more, now fully-remastered and revved up to the max:<br /><br />With Crash™ Team Racing Nitro-Fueled, the stakes are high and the competition is fierce. It's the CTR you love, now kicked into the highest gear.<br /><br />INTERNET REQUIRED for Wumpa Coins, online multiplayer and other features<br /><br />Certain elements and functionality require internet connection and applicable gaming system subscription service, sold separately. Storage requirements subject to change. Mandatory updates may be required to play. In-game purchases optional. Activision makes no guarantee regarding the availability of online play or features and may modify or discontinue those at its discretion without notice. Using the software constitutes acceptance of the Software License & Service Agreement and Privacy Policy available at support.activision.com/license.<br /><br />© 2019 Activision Publishing Inc. ACTIVISION, CRASH TEAM RACING, CTR, CRASH BANDICOOT and CRASH are trademarks of Activision Publishing, Inc.",APPAREL,0,MULTI-CHANNEL,54467272284025,Activision,0,GUEST_1f4f0210-519f-4473-b240-ab661f2f5b6c,GUEST_071f1108-e0b6-4e8d-9751-782cce560cb6,https://imagetarget.com/image/Target/
14653151,Kingdom Hearts III - Xbox One,"KINGDOM HEARTS III features a mature Sora as the main protagonist who sets forth on an adventure with Mickey, Donald and Goofy through new and legendary Disney worlds. KINGDOM HEARTS III will make full use of next generation console technologies to showcase a stunning universe packed full of worlds based on Disney properties. Believing light and darkness must remain in balance, Master Xehanort seeks to spark war against the ‘tyranny of light’ to restore equilibrium. In an effort to undermine Xehanort’s plot, Sora, Donald and Goofy search for seven guardians of light and the “Key to Return Hearts,” while King Mickey and Riku search for previous Keyblade wielders.",APPAREL,0,MULTI-CHANNEL,14653151284025,Microsoft,0,GUEST_a2361628-8f6a-4e15-aeca-85a5b353e160,GUEST_09dddeb5-d1c3-49fa-bf5f-b12dd890dd8f,https://imagetarget.com/image/Target/
52677075,Dragon Ball Fighter Z - PlaySt,"After the success of the Xenoverse series, it's time to introduce a new classic 2D DRAGON BALL fighting game for this generation's consoles. DRAGON BALL FighterZ is born from what makes the DRAGON BALL series so loved and famous: endless spectacular fights with its all powerful fighters. Partnering with Arc System Works, DRAGON BALL FighterZ maximizes high end Anime graphics and brings easy to learn but difficult to master fighting gameplay to audiences worldwide.3vs3 Tag/Support",APPAREL,0,MULTI-CHANNEL,52677075284025,Sony,0,GUEST_8782cb37-c4f2-4fb6-9ff4-8cbc75d32c5a,GUEST_dd65f314-603b-4a72-ba8d-02806d8a656d,https://imagetarget.com/image/Target/
79366517,Persona 5 Royal - PlayStation ,"Become a Phantom Thief in Persona 5 Royal for PlayStation 4. The challenging turn-based combat and riveting story provide hours of fun, and new characters, mechanics and storylines expand the epic adventure.<br /><br />Experience all-new RPG style in the iconic universe of Persona.<br /><br />Take part in grand heists to infiltrate the minds of the corrupt and make them change their ways.<br /><br />Interact with new characters and confidants, plunge into story with new locations to explore, and use new grappling hook mechanics for stealthy access to new areas.<br /><br />With a new semester at Shujin Academy, you need to strengthen your abilities in the metaverse and in your daily life.<br /><br />Enjoy a unique visual style and soundtrack made by composer Shoji Meguro.<br /><br />A lot of action to do, including exploring Tokyo, unlocking new Personas, customizing your own personal Thieves Den, discovering a never-before-seen story arc, cutscenes, alternate endings and more.",APPAREL,0,MULTI-CHANNEL,79366517284025,Sony,0,GUEST_e93b4480-56ad-4f7d-8f67-20ff21f159f5,GUEST_22a23a0f-77a3-478d-ab7b-5e23548f7825,https://imagetarget.com/image/Target/
78784638,Assassin&#39;s Creed: The Rebe,"<p>With Assassin's Creed: The Rebel Collection, get two action-packed games - Assassin's Creed IV Black Flag and Assassin's Creed Rogue - plus all single-player DLC.</p>",APPAREL,0,MULTI-CHANNEL,78784638284025,Nintendo,0,GUEST_68ea711a-28d5-42d3-bebd-1eae9cf16a82,GUEST_e2a2d1d9-dc92-467f-a0fb-cfd58be9c688,https://imagetarget.com/image/Target/
76151588,Never Have I Ever Family Editi,"Who's the STRANGEST member of your family? Who has the FUNNIEST habits? Who's found themselves in the MOST awkward situations? Time to deal the cards and find out!<br /><br />Never Have I Ever Family Edition is the ultimate card game for the family that loves to laugh together… and occasionally AT each other! <br /><br />When you play Never Have I Ever Family Edition and answer our amazing questions (truthfully!), you'll learn amazing things about the people you THOUGHT you knew best!<br /><br />We know you have a crazy family, because who doesn't? What better way to enjoy a night with each other than getting REWARDED for the silliest things you've ever done?<br /><br />Inside this box are 224 cards specially curated for families, 6 custom paddles, and a spinner made for an awesome family game night. So check your shame at the door and laugh 'til it hurts! Makes a great gift. ",APPAREL,0,MULTI-CHANNEL,76151588284025,"INI, LLC",0,GUEST_37668cd8-6ae6-4f55-8c14-8f298869a6bc,GUEST_6f8a4fc8-9b3d-4a0d-a5a4-dfbfd059fc9c,https://imagetarget.com/image/Target/
76151612,The Flying Pigs Game,"The Flying Pigs Game by Cra-Z-Art! An entertaining skill and action game the whole family can enjoy! A great way for preschoolers to develop fine motor skills and hand-eye coordination. Can you help the farmer catch his crazy flying pigs? Wow, pigs fly! Use the included wands to catch the flying piggies whirling around inside the safe motorized globe. Catch as many flying pigs as you can! But, don’t catch the white pig or all your piggies get put back into the bowl! Once the piggies have all been caught, add up your points to find out who was the farmer's MVP. The player with the most points wins the game! The game allows kids to explore the fun world of interactive play while also encouraging cognitive and tactile learning. Can be played by 2 or more players. Game contains: 1 flying pig unit with fan, 50 foam pigs, 4 colored wands, 4 game mats and instructions. Requires 4 AA batteries and a Phillips head screwdriver (not included). What are you waiting for? Start playing the ultimate game of “catch ‘em if you can!”",APPAREL,0,MULTI-CHANNEL,76151612284025,Cra-Z-Art,0,GUEST_0a7c6657-429e-419c-bf8a-4b7fe1d8ea89,GUEST_acd581ea-7152-4767-b3e6-685577f4557a,https://imagetarget.com/image/Target/
50688289,5 Second Rule Uncensored Board,"It's the 5 Second Rule Game, and there's just one rule - just spit it out before time runs out! The 5 Second Rule Uncensored Board Game comes with 150 question cards, a Twisted Timer and the game rules pamphlet. The rules of the game are simple, spit out the answers to the question you are asked in five seconds, no matter what they are! The Twisted Timer adds an element of fun to the game, as it makes sounds to distract the player. Enjoy playing the game with 3 or more players.",APPAREL,0,MULTI-CHANNEL,50688289284025,PlayMonster,0,GUEST_f571d390-4b89-4cde-be14-11238f10f9f8,GUEST_b7292f67-111d-42d1-9466-1acb875ff983,https://imagetarget.com/image/Target/
76151569,Disney The Lion King Pumbaa Pa,"Lion King fans, here's a game that'll make you go Hakuna Matata, The Lion King Pumbaa Pass Game from Disney. This quirky game is very simple to play. Players take turns to feed the ever-hungry Pumba with ""tasty"" bugs till he tosses his cookie or pukes. The fun starts here, now it's your time to find the bugs. The player who matches all the 3 bugs with 3 different cards wins the game.",APPAREL,0,MULTI-CHANNEL,76151569284025,Disney,0,GUEST_4120c2ad-fb6b-4122-9055-1fe305374c89,GUEST_17de9e8e-1a0f-41c7-bd72-dd2c0885c656,https://imagetarget.com/image/Target/
53355096,Ravensburger Disney Villainous,"- Play as one of six iconic Disney Villains (Maleficent, Ursula, Jafar, Prince John, Queen of Hearts, Captain Hook).<br>- Each Villain has their own oversized sculpted mover.<br>- The game where being the bad guy is a good thing.<br>- Fate cards allow you to meddle with other Villain's objectives!<br><br>You are the Villain! Command your henchmen, defeat the heroes, and enact your evil scheme. In Villainous, the story-based gameplay allows players to experience events from the classic Disney films, Aladdin, Sleeping Beauty, The Little Mermaid, Robin Hood, Alice in Wonderland, and Peter Pan in exciting new ways. Each Villain plays differently, offering rich strategy to explore, surprising combinations to discover, and plenty of replay value. To play, move to a spot on your board and take actions based on your options at that location - actions will allow you to gain power, play cards, and defeat heroes. But, being a true Villain requires strategic interference with your opponents' goals. Use other players' Fate cards featuring heroes and other meddlesome objects, to prevent them from reaching their objectives. Be the first to achieve your Villain's devious objective and you win!",APPAREL,0,MULTI-CHANNEL,53355096284025,Ravensburger,0,GUEST_057a26b9-184a-4d23-bfec-04e0a6fff1e1,GUEST_97692861-ba52-4f41-9ef6-2e75977e8f36,https://imagetarget.com/image/Target/
10855294,Risk Board Game,"Get ready for some world domination in this intensive strategy game, Risk Board Game from Hasbro. Players compete to occupy all the territory on the board to win the game. It is all about who is willing to take the biggest Risk in this classic game. This board game comes with 40 infantry, 12 cavalry and 8 artillery pieces each, deck of 56 Risk cards, 5 dice, 5 cardboard war crates and a game guide. Choose your strategy carefully and dominate the board.",APPAREL,0,MULTI-CHANNEL,10855294284025,Risk,0,GUEST_77c4f6d6-0890-4875-9dbf-e96fb4e9a91e,GUEST_e4931f80-3b9a-4e87-b7b0-92b82797d985,https://imagetarget.com/image/Target/
76151688,Guess Who? High School Reunion,"It's high school reunion time! The Guess Who? High School Reunion game is a laugh-out-loud game for adults that's great for parties, game night, and other get-togethers. This parody game is based on the classic Guess Who? game in which players try to guess each other's mystery person by asking opponents yes or no questions. Some Small Talk cards have pointed and outrageous questions such as ""Were you most likely to own a fake ID?"" or ""Were you most likely to leave the prom with someone else's date?"" Other cards let you fill in the blank or ask your own questions for an even more personal game experience. By process of elimination, each answer gets you closer to guessing your opponent's mystery person. The first player or team to win 5 rounds wins the game.<br /><br />- Includes 2 plastic Yearbook gameboards, 48 Yearbook Photos, 24 Mystery Classmate cards, 50 Small Talk cards, 2 scorekeepers, card box, and instructions.<br />- Ages Adult<br />- For 2 or 4 players.<br /><br />Hasbro Gaming and all related terms are trademarks of Hasbro.",APPAREL,0,MULTI-CHANNEL,76151688284025,Hasbro,0,GUEST_111d2b47-ff7b-43d6-9d07-847a0ae17848,GUEST_430d1614-0be8-4902-a63a-42a60e6e7abd,https://imagetarget.com/image/Target/
75559233,Disney Codenames Board Game,"Find the Disney Treasures by deciphering the code! Teams compete by giving one-word clues to help their teammates identify the Disney characters, locations and items. A great activity for Disney fans of all ages while helping young children develop vocabulary and description skills. The Disney Family Edition of Codenames combines the hit social word game with some of Disney’s most beloved properties from the past 90 years. Two Cluemasters give one-word clues to help their teammates identify the Disney characters, locations, and items from a 25 card game grid. Including both pictures and words, it’s family fun for Disney fans of all ages.<br /><br />What's Included:<br />• 200 Treasure Cards<br />• 60 Key Cards - 20 Easy and 40 Advanced<br />• 25 Cover Cards - 8 Blue, 8 Red, 7 Neutral, Plus 1 Extra and 1 Game Over<br />• 1 Card Stand<br />• Instructions<br /><br />© Czech Games Edition. July 2017. CzechGames website. © Disney/Pixar.",APPAREL,0,MULTI-CHANNEL,75559233284025,USAopoly,0,GUEST_8ca3b5d2-1125-44bb-84c9-10912f57a4f3,GUEST_65f35c5c-7920-478c-96ef-f652c965e151,https://imagetarget.com/image/Target/
76151670,Goliath Gator Golf Game,"A hole-in-one is a lot more fun with Gator Golf! Grab your flamingo golf club, and aim to feed this hungry little Gator. Sink your putt by hitting your ball through the Gator’s mouth into his tail to score, but watch out – he’ll flick your ball with his tail for more putting action. The first player to score 3 points wins! Fun, active gameplay gets kids up and moving while developing large motor skills and hand-eye coordination. Cute birds on the Gator’s back serve as built-in score keepers. Gator Golf plays best indoors on low-pile carpet. For 2-4 players, ages 3 and up.",APPAREL,0,MULTI-CHANNEL,76151670284025,Goliath,0,GUEST_f6673621-373a-49aa-9254-74dfe22e07f5,GUEST_954c85ed-26b9-4f22-b647-b3bd1df141e2,https://imagetarget.com/image/Target/
53521468,Goliath Greedy Granny Game,"Take the treats without making a peep with Greedy Granny! Granny loves her sweets, but she's not so great at sharing. As she snoozes, spin the treat wheel to see which sweet to swipe. Be quiet… one wrong move will wake Granny up and send her teeth flying! Be the first player to collect one of each of her treats to win. Unique gameplay with randomized action creates anticipation and excitement that is sure to bring on the giggles! Because it’s quick and easy to learn, kids can enjoy the fun payoff over and over again. Includes bright, high-quality playing pieces. No batteries required. For 2-4 players, ages 4 and up.",APPAREL,0,MULTI-CHANNEL,53521468284025,Goliath,0,GUEST_85c840d8-518d-4bd1-8484-ea8573cd5b62,GUEST_a6bf4291-4554-456d-b8ff-f9e6cbee780a,https://imagetarget.com/image/Target/
75559238,Orangutwang Game,"A fun, suspenseful and wild game! Take turns hanging fruit and jungle friends on the orangutan, but watch out! At some point, he'll be holding too much and he'll spring up and send the fruit and friends flying! How much can you hang before he goes twaaang?! For 2 or more players, ages 4+. No batteries required!",APPAREL,0,MULTI-CHANNEL,75559238284025,PlayMonster,0,GUEST_b4623e1e-08f0-4c0c-8328-0f3fee9ebf83,GUEST_51c7bfe1-ea9e-49d5-a12b-564f34f03d34,https://imagetarget.com/image/Target/
52119309,The Chameleon Board Game,"Blend in. Don't get caught. Six players. One word each. Everyone sounded pretty convincing, but someone isn't who they say they are. That someone is The Chameleon. In each round of The Chameleon, a secret word is selected from a Topic Card in the middle of the table. Everyone knows what the word is, except for the player with the Chameleon card… but which player is it? Using cunning, social deduction and some serious mob mentality, each player shouts out a related word to prove their innocence and tries to track down the impostor. Once everyone's said their piece, the voting begins and the moment of truth arrives. In order to successfully track down the guilty player and win the game, players will have to use all of their teamwork and witch-hunting skills. If you're the Chameleon, however, the rules are much more simple. Don't. Get. Caught. ",APPAREL,0,MULTI-CHANNEL,52119309284025,Big Potato,0,GUEST_3a9de704-5630-4c8f-bb56-5ea82f799a38,GUEST_468943d2-3bf6-458f-a2a5-48c05e548b35,https://imagetarget.com/image/Target/
12836086,Game Gallery Mexican Train Dom,"Family game night is back with this Mexican Train Dominoes set by Cardinal. Enhance kids' simple math skills with a fun-filled round of Dominoes. Train enthusiasts will love the colorful little trains used as game pieces. Mexican Train is a modern version of Dominoes, played with 91 double-12 Dominoes. Because of its simplicity, it can be played by nearly anyone, anywhere. Depending on the type of game you play, it can last from a single, 20-minute game to a 12-round game lasting hours. It can also be played using double 6 or double 9 tiles for shorter games. ",APPAREL,0,MULTI-CHANNEL,12836086284025,Cardinal,0,GUEST_a74fdd45-1fad-425b-97d4-f9f3f135c9e3,GUEST_316c1e4d-39f1-4b37-b4ee-9c9a14af0f88,https://imagetarget.com/image/Target/
76615487,Connect 4 Blast! Game,"Connect 4 gameplay meets Nerf dart blasting! The Connect 4 Blast! game is an exciting and active game in which players strategically shoot at the colored discs using the included Nerf blaster and Nerf foam darts. Players battle it out at the same time trying to be the first player to get 4 discs in a row of their color. Show off your targeting skills by firing the Nerf blasters at the discs. Put blasted out discs in the loading tray at the top of the grid and continue to play as these discs fall. The game is for 2 players, and includes parts to make the Connect 4 grid, plus blue, red, and yellow discs, 2 color coded Nerf blasters and 8 color coded Nerf foam darts.<br /><br />Hasbro Gaming and all related terms are trademarks of Hasbro.<br /><br />•	Includes grid, 2 tower inserts, 2 Nerf Blasters, 8 darts, 40 discs (20 blue, 10 red, 10 yellow), and game rules.<br />•	Ages 8 and up<br />•	For 2 players.<br />•	TO AVOID EYE INJURY:<br />•	WARNING: <br />•	Do not aim at eyes or face. Use of eyewear recommended for players and people within range. Use only official Nerf darts. Other darts may not meet safety standards. Do not modify darts or blaster.",APPAREL,0,MULTI-CHANNEL,76615487284025,Connect 4,0,GUEST_26c1c8e3-9db0-44db-a259-d8b039e8c8af,GUEST_fc24a10f-383f-45e5-9336-f62c805d7625,https://imagetarget.com/image/Target/
15318569,"Game Gallery Chess, Checkers a","Game Gallery Classic Games is a collection of games that have been played for years and continue to be played now. They feature high quality components with traditional style. The entire family can enjoy these classic games with this set of Chinese Checkers, Checkers, and Chess. Chess is the King of all classic board games; it requires concentration, patience and strategy. Checkers and Chinese checkers are simple games dating back to Medieval times. Recommended for players ages 6 and up.",APPAREL,0,MULTI-CHANNEL,15318569284025,Cardinal,0,GUEST_28bcb0e3-3e66-45ec-aead-551c53677509,GUEST_a869d12a-41a9-408c-a18d-01224fd1471b,https://imagetarget.com/image/Target/
76151695,No Stress Chess Board Game,No description available,APPAREL,0,MULTI-CHANNEL,76151695284025,Winning Moves,0,GUEST_3d7092c1-cc51-40f5-b507-84da729d2d82,GUEST_1b3411b6-a49a-4440-9366-e285f03dd329,https://imagetarget.com/image/Target/
76151563,James Corden Carpool Karaoke B,"Got moves like Jagger? Can you sing like Ariana? Find out in the Carpool Karaoke Game! Using your favorite music app or streaming service, select a song and then duel other players in song, dance moves, or celebrity trivia for points. You may even be challenged to post your performance on social media! Do you have what it takes to ride shotgun with James? Carpool Karaoke is the hilarious game where your friends and family will discover their inner diva, display their disco dance moves, and celebrate each other's Carpool Karaoke mastery!",APPAREL,0,MULTI-CHANNEL,76151563284025,Big G Creative,0,GUEST_60d9864f-d7f9-498d-aa35-15cbea452a3d,GUEST_cd50be3c-c630-4bd5-b497-0d0454f2e3f6,https://imagetarget.com/image/Target/
53351993,Ticket to Ride Express: New Yo,"Welcome to New York City in the 1960s! In this brand-new version of Ticket to Ride, players race one another through the busy streets of New York City to visit the most prestigious Tourist Attractions and complete their Destination Tickets. This elegantly simple Ticket to Ride gameplay appeals to both beginners and seasoned players alike. Learn the game in 3 minutes, play it for hours! Enjoy the New York Ticket to Ride state of mind!",APPAREL,0,MULTI-CHANNEL,53351993284025,Days of Wonder,0,GUEST_c178aa53-d4a7-420e-b629-8abd7daebb2b,GUEST_5e9e18b4-48d1-4af0-810e-b889c22f7801,https://imagetarget.com/image/Target/
50696068,Battleship Game Retro Series 1,"Since 1967, the Battleship game has been thrilling would-be naval commanders! This retro edition is inspired by the original favorite game where 2 players try to sink each other's hidden ships. It's full speed ahead to hunt, hit, sink, and win! The first player to sink all 5 ships in the enemy fleet wins! The average playing time is 20 minutes per game.<br /><br />Hasbro Gaming and all related terms are trademarks of Hasbro.<br /><br /><br />© 1967, 2015 Hasbro. All Rights Reserved. ",APPAREL,0,MULTI-CHANNEL,50696068284025,Battleship,0,GUEST_2d69eba8-4405-4a8c-b7d7-5bed176efe76,GUEST_5a71ec4a-8359-42bd-b025-5e08f67a488a,https://imagetarget.com/image/Target/
76151622,Chuckle &#38; Roar Family Char,Act! Shout! Chuckle! Roar! We've included two separate game modes to play through - the always favorite Classic Charades and a fun group acting game called Switch Charades.,APPAREL,0,MULTI-CHANNEL,76151622284025,Chuckle & Roar,0,GUEST_600a4729-eac6-42c5-9116-986ca356cb62,GUEST_e97e1bf5-5c52-4383-9634-5627a99d3a50,https://imagetarget.com/image/Target/
76151656,Plumber Pants Board Game,"Oh no…the plumber is fixing a clog under the sink and he's getting pranked! His pants just might fall down…and that means everyone gets sprayed with water! In this Plumber Pants game, players take turns raiding his toolbox and loading the tools onto his belt. Be careful! If the plumber's pants fall down on a player's turn, water will spray from the sink, and that player will be out. The only player not to make his pants fall down wins.<br /><br />Includes Plumber Pants game unit, 2 side panels, top panel, plastic faucet piece, 10 plastic tools, toolbox, and instructions.<br />Ages 4 and up<br />For 2 or more players<br />Adult Assembly Required.<br />Warning: Choking Hazard -- Small parts. Not for children under 3 years.<br />Caution: To Avoid Injury: Use only clean tap water. Dry thoroughly after use. Read instructions for use and care.<br /><br />Hasbro Gaming and all related terms are trademarks of Hasbro.",APPAREL,0,MULTI-CHANNEL,76151656284025,Hasbro,0,GUEST_1ede0c91-1200-4003-aab8-56f90e2e99ea,GUEST_bf94fbb1-3a92-4cba-b1c5-311f010c99db,https://imagetarget.com/image/Target/
76151600,UpWords Board Game,"Can you turn ""dog"" into ""log""? You can with Upwords! In this high-stacking word game, players place tile letters onto the game board to create new words, or stack and build on top to change existing words. When it's your turn, easily place your letters by rotating the lazy Susan game board in your direction. Earn points for words a single tile high and points for letters underneath - the higher you stack, the higher you score! If you form two or more words in a single turn, you'll earn even more points. For additional word-hacking practice, you can improve your Upwords game play by playing solo. How will you stack up? Find out with Upwords!<br /><br />- Includes: 1 Upwords Game Board, 100 Letter Tiles, 4 Tile Racks, 4 Rubber Feet",APPAREL,0,MULTI-CHANNEL,76151600284025,Spin Master Games,0,GUEST_c64afce4-b5ba-4b12-9268-7c5cf6c285a4,GUEST_32093d99-ecac-41db-b665-42c0a77bbe9c,https://imagetarget.com/image/Target/
15361189,Bicycle Play Card Game 4pk,"Do you remember learning your first card game? How about winning at an old-fashioned game of solitaire? Or that holiday tradition of Gin Rummy after dinner? Since 1885, Bicycle playing cards have been a part of household gaming. Known for its quality and rich heritage, Bicycle playing cards have been bringing people together for generations.<br /><br />This 4 pack contains 2 red and 2 special black decks and is great for all card games and all players.",APPAREL,0,MULTI-CHANNEL,15361189284025,Bicycle,0,GUEST_e0d8485a-8e17-4404-8aeb-8e47926d389e,GUEST_2e116054-0ff4-478b-8586-7ca3c1dc6626,https://imagetarget.com/image/Target/
10266320,Pressman Let's Go Fishin' Delu,"Get ready for some reel fun with the Let's Go Fishin' Deluxe edition! This classic kids game, complete with 24 exclusive sea creatures, teaches hand-eye coordination as players use their mini fishing poles to try to catch the most sea creatures. With a rotating pond and hungry fish that open and close their mouths, Let's Go Fishin' provides fast-paced fishing fun that will lure kids into playing over and over again. This deluxe edition allows even more players to join in the fun and is a great way for your little guppies to develop fine motor skills. Requires 2 AAA batteries (not included). For 1-6 players, ages 4 and up.",APPAREL,0,MULTI-CHANNEL,10266320284025,Let's Go Fishin',0,GUEST_85d00a87-8556-4c7d-a2be-a7102e91c6da,GUEST_819a56f0-7093-49fb-badf-cac37f8d9b73,https://imagetarget.com/image/Target/
52119448,Don't Break the Ice Game,"Tap out ice blocks one by one, but Don't Break the Ice! The object of this classic game is to keep Phillip the Penguin on top of the ice, but as the game goes on, the ice blocks start falling. One wrong block, and he'll go ker-plop! The player who can keep Phillip from falling, wins! Play 1-on-1 or as a team of 2! <br><br>Includes 2 mallets, ice tray frame, 4 ice tray legs,1 large ice block, 32 small ice blocks, Phillip the Penguin figure, and instructions<br><br>Hasbro and all related terms are trademarks of Hasbro.",APPAREL,0,MULTI-CHANNEL,52119448284025,Hasbro,0,GUEST_6146b536-0b8b-4ce9-b53a-bbad63258d0b,GUEST_c9deea3f-f154-4cda-a275-c3504c18a89c,https://imagetarget.com/image/Target/
53334055,Monopoly Cheaters Edition Boar,"Make Monopoly Cheaters Edition board game a favorite go-to game for game nights and other fun get-togethers. Lean into those iconic (yet unspoken) Monopoly moments in which rules are bent, money is borrowed, and funny business is welcomed. Fake a die roll, steal some bills from the bank, and even skip out on rent. Complete a cheat to get a reward, but fail a cheat and pay the consequences! No houses in this edition -- only hotels. The pretend handcuff unit that may leave players ""chained"" to the board is a really fun addition to the game.<br /><br />The Hasbro Gaming, Parker Brothers, and Monopoly names and logos, the distinctive design of the gameboard, the four corner squares, the Mr. Monopoly name and character, as well as each of the distinctive elements of the board and playing pieces are trademarks of Hasbro for its property trading game and game equipment.<br /><br />•	Includes gameboard, plastic handcuff unit, 6 tokens, 15 Cheat cards, 16 Title Deed cards, 16 Chance cards, 16 Community Chest cards, 16 hotels, 2 dice, money pack, bank tray, and game guide.<br />•	Ages 8 and up<br />•	For 2-6 players",APPAREL,0,MULTI-CHANNEL,53334055284025,Monopoly,0,GUEST_86cf2f7d-8767-474b-9298-75738e382b7e,GUEST_9aa330ca-e6d9-4943-bbc2-c47bea1873f7,https://imagetarget.com/image/Target/
52133240,Hoyle Kids Game Value Pack 6pk,"Play is important. Play is for FUN. Play is for CONNECTING. Play is a great way for kids to LEARN. Hoyle 6-IN-1 Fun Pack contains six classic unique-themed kids card games! Games develop learning skills like matching, color identification, counting, A-Z letters, making pairs, taking turns, recognition and more! Lots of fun, all in one.",APPAREL,0,MULTI-CHANNEL,52133240284025,Hoyle,0,GUEST_be99251d-1655-4032-ae50-c19064419bdd,GUEST_be99251d-1655-4032-ae50-c19064419bdd,https://imagetarget.com/image/Target/
17073728,Skip-Bo Card Game,"The Skip-Bo Card Game is a fun addition to your card game collection. This exciting game challenges players to be the first one to make a stack of ascending cards (2,3,4 and so on) until they have no cards left. Players use their brains & brawn to win the race of who will be the first one to make an ascending sequence with their hands of cards. The first player who empties their Skip-Bo cards is the winner! Wild cards in the pack bring in interesting twists & turns. Family game nights are sure to be so much fun with this entertaining card game. ",APPAREL,0,MULTI-CHANNEL,17073728284025,Skip-Bo,0,GUEST_f92a037d-75ad-4582-9715-86d5d727752f,GUEST_a03404f8-bda2-4927-9cb4-97181bb55185,https://imagetarget.com/image/Target/
76151668,Goliath Googly Eyes Showdown B,"Get ready to be wild and wacky with Googly Eyes Showdown! It's the epic battle that challenges your vision and will leave you googling for more! Teams of players put on the zany, vision-distorting glasses and start to draw while your team tries to guess what you're drawing. Is that a carrot or a pencil? A sock or a stocking? Players take turns drawing and guessing, so everyone gets a chance to wear the glasses. The glasses come with six sets of lenses that range from mild changes to mind-blowing fun, so no one can see (or draw) straight. Based off the best-selling Googly Eyes game. For 4-16 players, ages 7 and up.",APPAREL,0,MULTI-CHANNEL,76151668284025,Goliath,0,GUEST_d6fe3ba7-6643-489f-9667-ebedb0b32d5a,GUEST_5de45936-347e-4595-adaa-fb244bfbdc94,https://imagetarget.com/image/Target/
13464343,UNO Attack! Game,"If you are a fan of UNO, then you will love the new UNO Attack! from Mattel. In this game, the rules are the same, but with a twist: when you must draw, you press a button on the card shooter provided. The shooter may not shoot any cards or it will stream out several cards, keeping you in the game longer.The objective remains the same - get rid of all the cards in your hand first to win the game. UNO, anyone?",APPAREL,0,MULTI-CHANNEL,13464343284025,Mattel,0,GUEST_345476ea-d660-4be4-be65-054581560a79,GUEST_e743fbed-4580-4a64-9fdb-d59b6a519a9f,https://imagetarget.com/image/Target/
52141262,Soggy Doggy Board Game,"Fun! Fun! Fun! Get ready to bring on the whole gang for a night of great fun because Soggy Doggy game time here! The showering, shaking, wet doggy board game! In this awesome game, players take turns to move around the board and wash the dog. But there's a twist because this friendly pet loves to shake himself dry. If the soggy dog shakes over you, get ready to clean yourself and go straight to the starting point. The first one to go around the board wins. This anticipation-filled play of splishing and splashing fun is perfect for the entire family! Made from durable card board and plastic material, this awesome game is perfect for players aged 4 years and above. The usual play time is between 20-40 minutes and the game comes included with game cardboard, game pieces, dice, tokens and instructions. 2-4 players can play the Soggy Doggy Board Game at a given time and it requires 3 AA Alkaline batteries to function. ",APPAREL,0,MULTI-CHANNEL,52141262284025,Spin Master Games,0,GUEST_c0a2324a-a4dc-4c2e-9040-6cb131b515d8,GUEST_231efa9c-ecdb-4b51-8dac-b12ba29837ab,https://imagetarget.com/image/Target/
52120183,Taboo Game,"It's the exciting Taboo game that keeps players on the edge of their seats! Players try to get teammates to say the Guess word on the card without using any of the Taboo words in the clues. If the describer says a Taboo word listed on the card while giving the clues, they'll get interrupted with the electronic buzzer and lose a turn. Players keep the cards that were guessed correctly, and the team with the most cards wins the game. With 400 double-sided cards in this Taboo game, players will have plenty of words to choose from as they race against the clock to give teammates the best descriptions and clues possible.<br /><br />Includes 400 cards, buzzer, timer, and instructions.<br /><br />Hasbro Gaming and all related terms are trademarks of Hasbro.<br /><br />",APPAREL,0,MULTI-CHANNEL,52120183284025,Taboo Game,0,GUEST_c02463dd-300a-4f27-8728-e50bc1942564,GUEST_8537d342-2d1f-4b94-8a8a-89ac517cf87f,https://imagetarget.com/image/Target/
52702755,DOS Card Game,"Keep yourself entertained for hours with this DOS Card Game. The DOS card game is just like UNO, where players are involved in a frantic run to be the first to get rid of their cards. The players of the game have two discard piles each, and can put both the cards down when they have two cards that sums up to the corresponding number to the card from the center pile. When your play leads you to have two cards in hand, don't forget to yell DOS! This exciting card game is perfect for the whole fam. Card games have never been this fun!",APPAREL,0,MULTI-CHANNEL,52702755284025,Mattel,0,GUEST_c05f85f0-81c0-41e8-b3c9-c3682568874a,GUEST_e47f2638-bc6f-4163-830a-bf5374e1dd69,https://imagetarget.com/image/Target/
76431682,Monopoly Gamer Sonic the Hedge,"The Monopoly game joins forces with Sonic the Hedgehog video game characters for an exciting gameplay experience! Instead of standard Monopoly tokens, players can choose to move around the gameboard as Sonic, Tails, Amy, or Knuckles. Buy iconic properties such as Planet Wisp, and Rooftop Run. Pass Go to trigger a cooperative boss fight, drop and collect Rings on board spaces, earn Chaos Emeralds and Chao tokens, and activate characters' unique powers. After the final boss fight, the player with the highest score wins.<br /><br />The Hasbro, Hasbro Gaming, Parker Brothers, and Monopoly names and logos, the distinctive design of the gameboard, the four corner squares, the Mr. Monopoly name and character, as well as each of the distinctive elements of the board and playing pieces are trademarks of Hasbro for its property trading game and game equipment.<br />SEGA, the SEGA logo and SONIC THE HEDGEHOG are either registered trademarks or trademarks of SEGA Holdings Co., Ltd. or its affiliates.<br /><br /> <br />•	Includes gameboard, 4 Character tokens, 4 Character cards, 4 Reminder cards, 8 Boss cards, 16 Title Deed cards, 8 Chao tokens, 7 Chaos Emerald tokens, 1 Master Emerald token, 1 Numbered die, 1 Boost die with labels, 90 cardboard Rings (50 golden Rings, 40 five Rings), and game guide.<br />•	Ages 8 and up<br />•	For 2 to 4 players.",APPAREL,0,MULTI-CHANNEL,76431682284025,Monopoly,0,GUEST_b6274386-6863-4846-a7d6-e2e2c6dd4b01,GUEST_c591472f-08fc-4057-ae8c-7ae2ef4fd0e1,https://imagetarget.com/image/Target/
11247233,Goliath Pop the Pig Game,"Pop the Pig is an international preschool classic that is adored by millions of children - it's been a top-selling preschool game according to data collected by NPD! Kids spin the spinner, pop a hamburger into the pig's mouth and push down on his head. The more they pump, the more his belly grows until . . . pop! Kids love the suspense as they watch his belly grow; the player who makes his belly burst wins the game. Children can quickly reset the game with one pump of the pig’s head and experience consistent belly-busting gameplay each and every time. Pop the Pig provides hours of fun and is completely kid powered (no batteries needed). For added convenience, all pieces can be stored inside the pig. For 2-6 players, ages 4 and up. From the makers of Doggie Doo, Gooey Louie, Jumping Jack, Catch the Fox, and Googly Eyes.",APPAREL,0,MULTI-CHANNEL,11247233284025,Goliath,0,GUEST_b5f6b564-9d16-429c-bdf7-1a8c776f1c87,GUEST_3458fe15-2bac-4343-9776-60ac656abfe1,https://imagetarget.com/image/Target/
76161637,The Office -Downsizing Board G,"“Oh, it is on like a prawn who yawns at dawn.” Huh? It's a game of workplace survival! Michael hears that everyone from the Scranton branch will be laid off at the end of the week, but some employees from the branch will be promoted to corporate post-layoff. To Michael that means if he can find out who’s going to be promoted he can fire them first, he’ll get promoted and he’ll save the Scranton crew from being laid off. What a guy! ",APPAREL,0,MULTI-CHANNEL,76161637284025,Cardinal,0,GUEST_66f8e1a3-290e-43b0-8f40-70ea2759d44c,GUEST_8178f815-dd7a-4231-9952-866e92ff7d27,https://imagetarget.com/image/Target/
52693763,Don't Step In It Board Game,"Be careful not to stool out while playing this hilarious game with messy consequences! Put on a blindfold, spin the spinner, and then take that many steps across the game mat. But watch out! Little piles of compound, molded in the shape of stool have been strategically placed on the mat. Sometimes players will have to add a stool, remove a stool, or even re-arrange the stools along the mat. Who can avoid the number twos to be number one to win? <br><br>Hasbro Gaming and all related terms are trademarks of Hasbro.<br><br>Includes game mat, blindfold, 4 cans of compound, plastic mold, spinner board with arrow and base, and instructions.<br><br>Ages 4 and up<br>For 1 or more players.<br>Adult Assembly and Supervision Required.<br>Compound Net Wt. 12oz. (340 g)<br>NOTICE: Contains Wheat.<br>Nontoxic. Conforms to ASTM D-4236.",APPAREL,0,MULTI-CHANNEL,52693763284025,Hasbro,0,GUEST_f8b578f2-e1a5-4cf9-a9b8-bc6621a46a0c,GUEST_0bc90ec3-86bd-47de-bd27-5722df6e8eae,https://imagetarget.com/image/Target/
78804367,Harry Potter Hogwarts Battle D,"The forces of evil are threatening to overrun Hogwarts castle in Harry Potter: Hogwarts Battle, a cooperative deck-building game, and it's up to four students to ensure the safety of the school by defeating villains and consolidating their defenses. In the game, players take on the role of a Hogwarts student: Harry, Ron, Hermione or Neville, each with their own personal deck of cards that's used to acquire resources.<br /><br />By gaining influence, players add more cards to their deck in the form of iconic characters, spells, and magical items. Other cards allow them to regain health or fight against villains, keeping them from gaining power. The villains set back players with their attacks and Dark Arts. Only by working together will players be able to defeat all of the villains, securing the castle from the forces of evil.",APPAREL,0,MULTI-CHANNEL,78804367284025,USAopoly,0,GUEST_eae615f5-6555-4e6f-8e2a-aece5eb67034,GUEST_0d88628f-dcb2-4026-9ebc-a4ec7d6a80f2,https://imagetarget.com/image/Target/
51093164,That's What She Said Game,"Looking for a hilarious night of gaming fun? Need a game that has twisted innuendos? A party game that everyone is going to love? Well the answer to all your questions is That's What She Said, a card game that's going to make your party an outrageous party while giving everyone a good laugh. The party game requires players to match the funny red setup cards to the even funnier white phrase cards. You can play it pre-funk, post-funk or any-funk! The choice is all yours. So what are you waiting for? Get ready to make it wild with That's What She Said.",APPAREL,0,MULTI-CHANNEL,51093164284025,that's what she said,0,GUEST_11190da5-233f-466e-b46b-ce883feb836e,GUEST_c3b23897-3d5c-481a-8cd6-f9b21cb7718a,https://imagetarget.com/image/Target/
78168290,What Do You Meme? Family Editi,"Our #1 bestselling game, What Do You Meme?™ is now available in an all new family edition! All the fun of creating our own hilarious memes with our caption and photo cards, updated with completely family-friendly content. Everyone gets to be the judge, and everyone will get lots of laughs competing to be meme queen or king! ",APPAREL,0,MULTI-CHANNEL,78168290284025,What Do You Meme?,0,GUEST_6f7c2984-62aa-4ef1-a3f6-630e78a850ad,GUEST_1394cf8a-d5fb-4a73-8321-a838563449e0,https://imagetarget.com/image/Target/
76151645,New Phone Who Dis? Game by Wha,"Love to give funny replies to text messages or always wanted to reply with quirky texts to boring msgs? The New Phone Who Dis? Game by What Do You Meme? is the game you got to play. It's a hilarious offline texting game, where players rotate being the judge by drawing a card from the deck while the rest of the group tries to come up with the funniest ""reply"" card. The judge will decide the funniest one at the end of every round.",APPAREL,0,MULTI-CHANNEL,76151645284025,What Do You Meme?,0,GUEST_6d6128db-fab2-49f6-a661-0f0205fdf4b9,GUEST_ac48c90a-4563-4632-a8f1-75374ff5a599,https://imagetarget.com/image/Target/
53352013,Choose your own Adventure Boar," Curl up for a night of fun and laughter-filled adventure with this Adventure Board Game. Featuring five chapters in a continuous narrative and interactive fiction, this board game super exciting. Discover items, finish challenges and unravel the mysteries of the House of Danger! Game time has never been this exciting!",APPAREL,0,MULTI-CHANNEL,53352013284025,Asmodee,0,GUEST_5e651a1f-917f-4ffe-ade6-151a09492189,GUEST_603272df-dc89-449a-9074-b2d71ce057c1,https://imagetarget.com/image/Target/
14866056,Game Gallery Chess & Checkers ,"Game Gallery Classic Games is a Collection of Games that have been played for years and continue to be played now. They feature high quality components with traditional style. Play Chess & Checkers Deluxe Tournament Size Folding Wood Board with Deluxe Staunton Style Chess Pieces. Chess is the King of all classic board games; it requires concentration, patience and strategy. Checkers is a simple game dating back to Medieval times. This set includes 32 Deluxe Wood Staunton Chess Pieces, 24 Deluxe Wood Checkers Pieces, Tournament Size Folding Wood Board and Instructions.",APPAREL,0,MULTI-CHANNEL,14866056284025,Cardinal,0,GUEST_3bbb9462-a9db-412b-a86a-df1696dcff7b,GUEST_9e07d753-dcc8-41ba-9dce-89597de2d8ff,https://imagetarget.com/image/Target/
51093100,Ticket to Ride First Journey B,"Players of all ages can now venture across America by train in Alan R. Moon's Ticket to Ride: First Journey. With a brand new map and simplified rules, First Journey is the perfect way to introduce new players to the game of cross-country travel. Just like in Ticket to Ride, players collect train cards, claim routes, and try to connect cities coast-to-coast. In First Journey, though, routes are shorter, train cards are drawn straight from the deck, and the game ends when one player completes six tickets, claiming the Golden Ticket as their prize. Climb aboard, travelers, your incredible First Journey awaits!",APPAREL,0,MULTI-CHANNEL,51093100284025,Days of Wonder,0,GUEST_06201aac-3360-4b7a-b9a3-033feea7c588,GUEST_77622b2b-dd35-4d03-bb16-7b503f93eb0c,https://imagetarget.com/image/Target/
76151640,Incohearent by What Do You Mem,"Incohearent is an adult party game, brought to you by the makers of What Do You Meme, that gets people talking. It's a laugh-out-loud, fun game where you try to make sense of the gibberish from one of the 3 categories of the game. It's a party game where each card has a series of words on the front that, when said out loud, sounds like the phrase written on the back of the card. The player reading the cards says those words and the others have to guess the phrase it sounds like. This game is intended for ages 17+ and contains mature language and references. So all the adults in the house, let the games begin!",APPAREL,0,MULTI-CHANNEL,76151640284025,What Do You Meme?,0,GUEST_d7fb2d6c-74c4-4344-abf6-94804eff538f,GUEST_bc48efe6-5bba-4045-b149-99b7afd1987f,https://imagetarget.com/image/Target/
51232255,Escape Room The Game,"Can you keep your cool under pressure? Escape Room The Game from Spin Master brings the thrill and mystery of an escape room to your home. There’s a way out of each seemingly impossible scenario - it’s up to you and your team of three to five players to figure it out in time. Solve puzzles, find clues, and work together to find a way out of the room before the clock runs out! The Chrono Decoder counts down from 60 minutes and creates a real escape room atmosphere. Play one of three different exciting escape room adventures with varying levels of difficulty:  Secret Agent, The Dentist, and Space Station. You win or lose together with Escape Room The Game.
<br><br>
Includes: 1 Electronic Chrono Decoder, 1 Hint Card Decoder, 16 Keys, 24 Hint Cards, 3 Different Adventure Packs (Secret Agent, The Dentist, Space Station), 1 Game Rules Sheet
",APPAREL,0,MULTI-CHANNEL,51232255284025,Spin Master Games,0,GUEST_e537cfa1-d47c-42c2-9754-b6cfa1ab79ff,GUEST_9327b486-43ae-4eae-a108-f82e41ef10a4,https://imagetarget.com/image/Target/
76151566,Family Feud Late Night Edition,"You know you want to. And it'll only hurt a little … causing you to clutch your sides from laughter. It's time to put your mind in the gutter and answer survey questions that might make someone blush. But it's all in good fun, with questions like: ""We asked 100 Women, Name something your husband wishes was bigger"" … ""At what age do most men suffer a midlife crisis?"" … ""What word or phrase might a partner whisper in your ear to be romantic?"" … ""Name a sure giveaway that a couple has just been doing some heavy petting."" You get the picture. So now let's get down and dirty with the game that may get a rise out of you. Late Night Family Feud is recommended for 3 or more players, ages 16 and up.",APPAREL,0,MULTI-CHANNEL,76151566284025,Cardinal,0,GUEST_5bc10371-032d-48f0-b62a-0902a9f21142,GUEST_326f5302-ed2b-48bc-91f8-bf508fea4609,https://imagetarget.com/image/Target/
17073126,Rock 'Em Sock 'Em Robots Board,"Channel your inner Rocky Balboa while you play the Rock 'Em Sock 'Em Robots game from Mattel. Designed as a two-person game, each player gets to power the punches, move into position and hammer the opponent's robot until you knock their block off. This old school toy has been scoring knockouts since 1964. Get in the ring and show em' what you're made of!",APPAREL,0,MULTI-CHANNEL,17073126284025,Mattel,0,GUEST_955c9d65-cd3b-4e33-a2fd-a2ee35730ef7,GUEST_880f3fa4-ecee-42e7-b6fc-7d87642dd93e,https://imagetarget.com/image/Target/
76151573,Friends the One with the Ball ,"How long can you last without dropping the ball? Inspired by the Friends episode, ""The One with the Ball,"" players compete against friends and family to see how long they can last through five ball-tossing, ball-balancing, ball-challenging rounds! With 50 challenges - and the ball! - the game builds momentum until you're incorporating multiple challenges into your throws like, ""Occupation? Dinosaur,"" ""You Ate My Sandwich,"" and ""Monica, Monica, Have a Happy Hanukkah."" Get ready to catch the fun with this hilarious game featuring challenges from the classic TV show Friends. Recommended for two to four players, ages 12 and up. ",APPAREL,0,MULTI-CHANNEL,76151573284025,Cardinal,0,GUEST_c11fe480-279b-46c2-b734-69af079c59ef,GUEST_d1f60ebc-0265-47f9-9c4c-f103e27e7382,https://imagetarget.com/image/Target/
76151698,Horrified Board Game,"What's your game plan when your village is attacked by The Mummy, Frankenstein, Dracula and other monsters? This Horrified Board Game explore is exactly that. You along with your team of heroes have to join forces to defeat them. But the victory doesn't come easy. Every monster has its own set of strengths and you need to come up with a strategy. You can adjust the level of difficulty by going against a new team of monsters. This board game encourages to be a team player, corporate with your teammates and come with a strategy to defeat the monsters.",APPAREL,0,MULTI-CHANNEL,76151698284025,Ravensburger,0,GUEST_01595988-3ac9-41db-bd58-0552f154a72c,GUEST_6e272cc0-4268-4c68-b251-9d206b6c33ec,https://imagetarget.com/image/Target/
76179191,Pretend Play Cooking Pans and ,"A combination of metal and wood make these pretend play cooking pans and utensils look outstanding. Great on their own, or with any other kitchen set, these utensils are a great addition to any classroom dramatic play center. This set promotes imagination, creativity, language and communication, and coordination. Encourage children to pretend to cook their favorite meal or teach them about the use of each utensil. Includes pot with lid, saucepan, frying pan, wooden ladle, and spatula.",APPAREL,0,MULTI-CHANNEL,76179191284025,PlanToys,0,GUEST_358f20a6-e81a-4b2a-bbc3-e05542e4dfdd,GUEST_358f20a6-e81a-4b2a-bbc3-e05542e4dfdd,https://imagetarget.com/image/Target/
81287113,Jazwares MasterChef Junior Bak,"Recreate the fun and excitement of the hit TV series MasterChef Junior at home! The new MasterChef Junior cooking sets include real cooking tools with kid-safe, non-slip silicone grips. Each set features 3 unique recipe cards for all levels of experience – line cook, sous chef, and master chef, plus 1 blank recipe card to write your own recipe!",APPAREL,0,MULTI-CHANNEL,81287113284025,Jazwares,0,GUEST_dcf11ad7-ea1f-41a0-8178-69cf5cde39c6,GUEST_fad4c726-3d18-47fc-b9a2-24929189e683,https://imagetarget.com/image/Target/
80395776,Learning Resources Pretend & P,"Cook up a good time with this bright, 10-piece plastic cookware set. Includes tea kettle, frying pan with lid, two-handled pot with lid and five utensils with big, easy-to-grip handles.  Each piece is made from durable plastic and features a sturdy design for added durability. This kids cooking set comes with a frying pan with a lid, a stew pot with a lid and a tea kettle. A slotted spoon, a spatula and a potato masher are also included for pretend cooking. A knife and a serving spoon complete the set.",APPAREL,0,MULTI-CHANNEL,80395776284025,Learning Resources,0,GUEST_0f908ea8-5a07-452c-a6f6-b88705d47432,GUEST_fddcb8f3-81bf-41c5-a6b7-730941e12300,https://imagetarget.com/image/Target/
76180307,Hape Cook 'N Serve Kids Contem,"The food that is coming out of this Hape Cook 'N Serve Kids Pretend Play Wooden Kitchen deserves 5 stars and an award.

This small, wooden play kitchen helps your little chef dish up a fresh lineup of goodies every day with the chalkboard menu and ample amount of space to whip up some gourmet grub.

While your foodies are crafting a fiesta of flavor for their guests, they are also enhancing their creative role play, imagination, and fine motor skills.

Grab some napkins to catch your drool, because with this Hape Cook 'N Serve Kids Pretend Play Wooden Kitchen, your tot will crack the code for delicious meals.",APPAREL,0,MULTI-CHANNEL,76180307284025,Hape,0,GUEST_21d17de9-f922-41d5-9d72-003df0cb55d1,GUEST_95849517-4f47-4259-b165-0a2c835a857f,https://imagetarget.com/image/Target/
80784221,HAPE Fun Fan Fryer - Kitchen P,"Introduce the magic of cooking and food to your little's with this realistic stove and frying pan. The fan fryer works with a built-in fan, giving food in the pan the appearance of frying, sizzling, and bubbling! No heat is used in the making of these interactive effects. Includes wooden salt and pepper shakers, 6 recipes displayed on 3 felt discs, 1 metal spatula, 1 pan.",APPAREL,0,MULTI-CHANNEL,80784221284025,Hape,0,GUEST_6775ff63-a0e5-44d3-a1f1-26ec0aa34f52,GUEST_1c1353db-51fe-4ee3-a07d-783fc8837275,https://imagetarget.com/image/Target/
78670258,Disney Minnie Mouse 2014 Gourm,Recipe for fun! She'll stir-up hours of imaginary play with Minnie's Gourmet Cooking Set including 12 child-size pieces that will transform any toy kitchen into a foodie fun factory! Originally released November 2014.,APPAREL,0,MULTI-CHANNEL,78670258284025,Disney,0,GUEST_cfb4cac8-49ee-4b77-a1b5-eca0d6ad43fe,GUEST_cfb4cac8-49ee-4b77-a1b5-eca0d6ad43fe,https://imagetarget.com/image/Target/
75552838,Marvel Education Company Child,"Give your future chef the tools to get familiar with the kitchen or add realism to the dramatic play area with this 7-piece aluminum set. These heavy-duty utensils are perfect for real or pretend use. The handles are easy to grip for small hands. Teach children the safety rules of the kitchen and have them cook alongside you with this rustproof set. For more family fun, you can even teach children family recipes early on! Includes a frying pan, saucepan, 4-cup tea kettle with lid, large covered pot with lid, and ladle for serving favorite meals.",APPAREL,0,MULTI-CHANNEL,75552838284025,Creative Minds,0,GUEST_cc9e687a-e134-4514-b4f4-05612ef48c72,GUEST_cc9e687a-e134-4514-b4f4-05612ef48c72,https://imagetarget.com/image/Target/
80159377,Hape E3150 Cook & Serve Kids W,"Kids are their very own chef with the Hape Cook & Serve Pretend Play Food Plates and Utensils Set. This fun kitchen play food set lets kids role-play and pretend to cook and serve food to their friends, siblings, and toys.

This wooden dishes playset has everything a kid needs cook pretend food and serve it. This play food dish set comes with (2) plates, (2) forks, (2) knives, (1) stirring/serving spoon, (1) spatula, (1) frying pan, (1) pot, (1) lid that fits both the pan and pot, and salt and pepper shakers. Kids can practice setting the table or mimic frying and cooking their play food (play food sold separately)

As they play, kids will also practice their motor skills, role playing, creativity, and sharing skills. This kids play food dishes set is a great gift and toy for toddlers ages 3 and up. Each piece in this wooden plate and utensils set is safe for kids thanks to its water-based paints and non-toxic finishes.

Get kids excited to cook like their parents with the Hape Cook & Serve Pretend Play Food Plates and Utensils Set.",APPAREL,0,MULTI-CHANNEL,80159377284025,Hape,0,GUEST_5cc73cbb-b1aa-480f-afdd-f7e39b13314c,GUEST_52f9f9b6-af0a-4dcc-8198-c5de1f24e795,https://imagetarget.com/image/Target/
16719595,American Plastic Toy Cooking K,"American Plastic Toys Cooking' Kitchen includes everything your child needs to maximize role play fun! Featuring realistic burners with light and sound, this play kitchen comes with all the appliances found in a real kitchen. Each set includes a microwave, refrigerator, oven and dishwasher that will keep your child entertained while they prepare meals for their guests. Children can get ""cooking"" by placing pots or pans on the burners to activate lights with sizzling and bubbling sounds. Each purchase includes 22 play accessories. Burner requires two AA batteries, not included.",APPAREL,0,MULTI-CHANNEL,16719595284025,American Plastic Toys Inc.,0,GUEST_52c2ef9a-a7c8-4291-aec8-928b7c221be4,GUEST_0b469080-c27c-4c82-85d2-82df0df73492,https://imagetarget.com/image/Target/
79896789,Small Foot Wooden Toys Cooking,"On your marks, get set, cook! This wooden cooking set belongs in every play kitchen. The colorful pots have removable lids and convenient handles and grips. The padded oven mitt and the cutlery made from glaze-painted wood completes this wonderful cooking set. The vivid colors of the stable wooden pots are real eye-catchers. Young children will become real top chefs and playfully train their fine motor skills all the while. Let the cooking begin! Suitable for ages 3 years and up. WARNING: CHOKING HAZARD -- Small parts. Not for children under 3 yrs.",APPAREL,0,MULTI-CHANNEL,79896789284025,Small Foot,0,GUEST_0176ed2f-cb2d-4bfb-900d-a218e1a3ccda,GUEST_b9f5044c-7841-4596-8b96-7292a71a0a84,https://imagetarget.com/image/Target/
80386115,Learning Resources New Sprouts,"Kids will use expressive language and dramatic play with this fun cooking set made specially for toddlers. 6-piece set includes pan, pot, colander, lid (fits on both pot and pan), slotted spoon, and mixing spoon- largest pot measures. All pieces stack and store neatly together.",APPAREL,0,MULTI-CHANNEL,80386115284025,Learning Resources,0,GUEST_6d710433-43a6-4bff-bbe0-0c5d01b35516,GUEST_97274810-0c6a-4fad-9dc1-db2c8f9d65e3,https://imagetarget.com/image/Target/
77401310,Little Tikes Cook And Grow BBQ,"The Little Tikes Cook 'n Grow BBQ Grill looks just like a real gas grill complete with duel grill, lid, and side burners plus it has two stages to grow with your child from toddler to preschooler. Anytime is grillin' time with this toy grill barbeque set. Kids can have fun grilling indoors or take the set outside and grill just like Mom and Dad! Made in USA with US & imported components.<br /><br />You will have an inspiring little chef with this realistic kid's play grill that grows with your child.  When this Little Tikes BBQ Grill is opened it is the perfect height for toddlers. When the grill is compacted it is now the perfect size for your preschooler!",APPAREL,0,MULTI-CHANNEL,77401310284025,Little Tikes,0,GUEST_d8bcbcd0-fad6-43bf-a78f-2cbd2405fdb7,GUEST_4526b4a8-e12b-438c-ac34-a76236a0c61e,https://imagetarget.com/image/Target/
80272517,Cuisinart CS33-30HMR 5 Quart S,"Complete your kitchen cookware collection with the ever-reliable Cuisinart 5-Quart Stainless Steel Saute Pan. This cookware pan comes with a lid to seal in flavor.

This saute pan features a 5-quart capacity that's big enough for cooking individual dishes or dishes for your friends and family. You'll appreciate the traditional handle and helper handle on either side of the cooking pot. The stainless steel handles feature Cool Grip construction, making them cool-to-the-touch while you cook and handle the pan.

With this stainless steel cook pot, you'll enough optimal cooking perforamnce and even heating. The included glass lid fits tight over the saute pan to lock in flavor, texture, and nutrients. You can use this kitchen cookware on the stove or in the oven. The pan is stove-top-safe and oven-safe up to 400 degrees F. The lid is oven-safe up to 350 degrees F. Both the saute pan and lid are dishwasher safe for easy and effortless clean up.

Make tasty, home-cooked meals with help from the Cuisinart 5-Quart Stainless Steel Saute Pan.",APPAREL,0,MULTI-CHANNEL,80272517284025,Cuisinart,0,GUEST_4189195e-1e74-4731-b5db-2949c6fc3bd1,GUEST_4189195e-1e74-4731-b5db-2949c6fc3bd1,https://imagetarget.com/image/Target/
80272515,Cuisinart 62I192-18 Chef's Cla,"Complete your kitchen cookware collection with the ever-reliable Cuisinart Chef's Classic 2-Quart Sauce Pan. This pot comes with a lid and is everything you need to make tasty soups, stews, noodle dishes, and more at home.

This sauce pan features a 2-quart (6-cup) capacity that's great for individual dishes or dishes for small families. You'll appreciate the measuring line on the inside that makes adding water, stock, milk, and other liquids easy. Keep an eye on your cooking pot as your sauces bubble and boil. The clear lid lets you see inside the pot while keeping the contents covers. When your dish is done, the non-stick interior makes clean-up a breeze. 

Use this cooking pot in any kitchen. This sauce pan is induction-ready and is safe to use with any stove top. This cooking pot's multi-layer construction features a non-stick interior, quick-heating aluminum core, stainless steel base for induction heating, and hard-anodized aluminum exterior for durability.

Make tasty, home-cooked meals with help from the Cuisinart Chef's Classic 2-Quart Sauce Pan.",APPAREL,0,MULTI-CHANNEL,80272515284025,Cuisinart,0,GUEST_c607090f-efdd-4fd2-8b78-05bc65341482,GUEST_c607090f-efdd-4fd2-8b78-05bc65341482,https://imagetarget.com/image/Target/
76466124,Cuisinart In the Mix 2.5qt Sta,"Whether it's a creamy butternut squash soup, braised chicken thighs, or a pot of pasta for you to share with everyone at your next dinner party there is a vessel in the Redefine Collection that will fit any of your culinary needs. Its sleek, stainless, lustrous black finish on quality stainless steel makes it the perfect statement piece for your stovetop when you are entertaining guests. The aluminum-encapsulated base heats up quickly and enables even heat distribution for consistent results while cooking. Our tempered glass lids with polished stainless steel rims seal in moisture and flavor. Most vessels include interior measurement markings so you can measure ingredients for precise cooking without having to grab a measuring cup. Sleek glass lids with stainless rims seal in moisture and flavor. Glass is tempered for durability and to ensure lasting performance. Maintain a solid grip on your cookware with the Wide, Easy-Grip Bronze Finish Handles, contoured for your hand for extra comfort and an elevated, elegant look. This collection features a 1qt saucepan, a 12” everyday pan with cover, a 5qt pasta pot with cover, a 2.5qt saucepan with cover, a 10” nonstick skillet an 8” nonstick skillet so you can finally perfect that French omelet you've been wanting to make. All pieces are dishwasher safe and compatible with all stovetops, including induction. Oven and broiler safe. Freezer safe for easy food storage.",APPAREL,0,MULTI-CHANNEL,76466124284025,Cuisinart,0,GUEST_47b3c95d-cc20-4437-b7e0-e91fa9b19d99,GUEST_549d2f6e-9a3c-4f2a-b239-b5be9a61cba6,https://imagetarget.com/image/Target/
76466118,Cuisinart In the Mix 8&#34; No,"Whether it's a creamy butternut squash soup, braised chicken thighs, or a pot of pasta for you to share with everyone at your next dinner party there is a vessel in the Redefine Collection that will fit any of your culinary needs. Its sleek, stainless, lustrous black finish on quality stainless steel makes it the perfect statement piece for your stovetop when you are entertaining guests. The aluminum-encapsulated base heats up quickly and enables even heat distribution for consistent results while cooking. Our tempered glass lids with polished stainless steel rims seal in moisture and flavor. Most vessels include interior measurement markings so you can measure ingredients for precise cooking without having to grab a measuring cup. Sleek glass lids with stainless rims seal in moisture and flavor. Glass is tempered for durability and to ensure lasting performance. Maintain a solid grip on your cookware with the Wide, Easy-Grip Bronze Finish Handles, contoured for your hand for extra comfort and an elevated, elegant look. This collection features a 1qt saucepan, a 12” everyday pan with cover, a 5qt pasta pot with cover, a 2.5qt saucepan with cover, a 10” nonstick skillet an 8” nonstick skillet so you can finally perfect that French omelet you've been wanting to make. All pieces are dishwasher safe and compatible with all stovetops, including induction. Oven and broiler safe. Freezer safe for easy food storage.",APPAREL,0,MULTI-CHANNEL,76466118284025,Cuisinart,0,GUEST_8d309d9c-6d00-42dd-a1df-c4be6552ece8,GUEST_2dde5e09-f0b4-42b6-a196-7fb948e80cb8,https://imagetarget.com/image/Target/
76400629,Cuisinart In the Mix 5qt Stain,"Whether it's a creamy butternut squash soup, braised chicken thighs, or a pot of pasta for you to share with everyone at your next dinner party there is a vessel in the Redefine Collection that will fit any of your culinary needs. Its sleek, stainless, lustrous black finish on quality stainless steel makes it the perfect statement piece for your stovetop when you are entertaining guests. The aluminum-encapsulated base heats up quickly and enables even heat distribution for consistent results while cooking. Our tempered glass lids with polished stainless steel rims seal in moisture and flavor. Most vessels include interior measurement markings so you can measure ingredients for precise cooking without having to grab a measuring cup. Sleek glass lids with stainless rims seal in moisture and flavor. Glass is tempered for durability and to ensure lasting performance. Maintain a solid grip on your cookware with the Wide, Easy-Grip Bronze Finish Handles, contoured for your hand for extra comfort and an elevated, elegant look. This collection features a 1qt saucepan, a 12” everyday pan with cover, a 5qt pasta pot with cover, a 2.5qt saucepan with cover, a 10” nonstick skillet an 8” nonstick skillet so you can finally perfect that French omelet you've been wanting to make. All pieces are dishwasher safe and compatible with all stovetops, including induction. Oven and broiler safe. Freezer safe for easy food storage.",APPAREL,0,MULTI-CHANNEL,76400629284025,Cuisinart,0,GUEST_d80dabe9-bae5-4c33-9b1a-a4b9fc5bcbf0,GUEST_6b662362-96ce-44fe-a9ff-f232b11251b0,https://imagetarget.com/image/Target/
76400630,Cuisinart In the Mix 1qt Stain,"Whether it's a creamy butternut squash soup, braised chicken thighs, or a pot of pasta for you to share with everyone at your next dinner party there is a vessel in the Redefine Collection that will fit any of your culinary needs. Its sleek, stainless, lustrous black finish on quality stainless steel makes it the perfect statement piece for your stovetop when you are entertaining guests. The aluminum-encapsulated base heats up quickly and enables even heat distribution for consistent results while cooking. Our tempered glass lids with polished stainless steel rims seal in moisture and flavor. Most vessels include interior measurement markings so you can measure ingredients for precise cooking without having to grab a measuring cup. Sleek glass lids with stainless rims seal in moisture and flavor. Glass is tempered for durability and to ensure lasting performance. Maintain a solid grip on your cookware with the Wide, Easy-Grip Bronze Finish Handles, contoured for your hand for extra comfort and an elevated, elegant look. This collection features a 1qt saucepan, a 12” everyday pan with cover, a 5qt pasta pot with cover, a 2.5qt saucepan with cover, a 10” nonstick skillet an 8” nonstick skillet so you can finally perfect that French omelet you've been wanting to make. All pieces are dishwasher safe and compatible with all stovetops, including induction. Oven and broiler safe. Freezer safe for easy food storage.",APPAREL,0,MULTI-CHANNEL,76400630284025,Cuisinart,0,GUEST_c72e6af6-cb8f-4106-ace9-82e51ccc2fbc,GUEST_198722cb-39b4-4e3b-932a-e9316f85b077,https://imagetarget.com/image/Target/
76400628,Cuisinart In the Mix 10&#34; S,"Whether it's a creamy butternut squash soup, braised chicken thighs, or a pot of pasta for you to share with everyone at your next dinner party there is a vessel in the Redefine Collection that will fit any of your culinary needs. Its sleek, stainless, lustrous black finish on quality stainless steel makes it the perfect statement piece for your stovetop when you are entertaining guests. The aluminum-encapsulated base heats up quickly and enables even heat distribution for consistent results while cooking. Our tempered glass lids with polished stainless steel rims seal in moisture and flavor. Most vessels include interior measurement markings so you can measure ingredients for precise cooking without having to grab a measuring cup. Sleek glass lids with stainless rims seal in moisture and flavor. Glass is tempered for durability and to ensure lasting performance. Maintain a solid grip on your cookware with the Wide, Easy-Grip Bronze Finish Handles, contoured for your hand for extra comfort and an elevated, elegant look. This collection features a 1qt saucepan, a 12” everyday pan with cover, a 5qt pasta pot with cover, a 2.5qt saucepan with cover, a 10” nonstick skillet an 8” nonstick skillet so you can finally perfect that French omelet you've been wanting to make. All pieces are dishwasher safe and compatible with all stovetops, including induction. Oven and broiler safe. Freezer safe for easy food storage.",APPAREL,0,MULTI-CHANNEL,76400628284025,Cuisinart,0,GUEST_8725f771-8ee8-4b12-bbf5-b1a9cb2e2dd2,GUEST_819521e3-c9bf-4a5b-98e3-b7a73ed1d3ae,https://imagetarget.com/image/Target/
76466116,Cuisinart In the Mix 12&#34; S,"Whether it's a creamy butternut squash soup, braised chicken thighs, or a pot of pasta for you to share with everyone at your next dinner party there is a vessel in the Redefine Collection that will fit any of your culinary needs. Its sleek, stainless, lustrous black finish on quality stainless steel makes it the perfect statement piece for your stovetop when you are entertaining guests. The aluminum-encapsulated base heats up quickly and enables even heat distribution for consistent results while cooking. Our tempered glass lids with polished stainless steel rims seal in moisture and flavor. Most vessels include interior measurement markings so you can measure ingredients for precise cooking without having to grab a measuring cup. Sleek glass lids with stainless rims seal in moisture and flavor. Glass is tempered for durability and to ensure lasting performance. Maintain a solid grip on your cookware with the Wide, Easy-Grip Bronze Finish Handles, contoured for your hand for extra comfort and an elevated, elegant look. This item includes a 12” everyday pan with cover.  This items is also Oven and broiler safe. Freezer safe for easy food storage.",APPAREL,0,MULTI-CHANNEL,76466116284025,Cuisinart,0,GUEST_f0c1464e-430c-41e1-808f-e77d3e492c40,GUEST_3fb8e235-7ff9-4848-b94b-1fe8eed09101,https://imagetarget.com/image/Target/
76400622,T-Fal 2pc Simply Cook Saut&#23,"From cooking to cleanup, effortless, awesome dinner parties await with the T-fal Simply Cook 8"" and 10"" Saute Set.  The user-friendly ready-to-work aluminum cookware's warp-resistant base distributes heat quickly and evenly for reliably cooked food, while its durable nonstick surface-inside and out-prevents food from sticking and makes cleanup a breeze (no hard scrubbing at the sink needed). T-fal's innovative Thermo-Spot heat indicator turns solid red to indicate when select Simply Cook pans are properly pre-heated, which makes it possible to seal in moisture and flavors like a pro. Even more, Simply Cook cookware's beautiful red exterior provides a pop of color that looks cool in any kitchen.<br />",APPAREL,0,MULTI-CHANNEL,76400622284025,T-Fal,0,GUEST_29f335f1-d4ee-4b97-9713-af08a68b9333,GUEST_29f335f1-d4ee-4b97-9713-af08a68b9333,https://imagetarget.com/image/Target/
49140070,Whirley-Pop Original Stovetop ,The Original Whirley-Pop makes an understated statement when paired with a handmade bamboo bowl and fresh from the farm burlap bagged kernels! Each bag of kernels (yellow and white included) makes about 8 batches of popcorn in the Whirley-Pop. These kernels are medium-large and pop up fluffy. Pour your freshly popped corn into the sleek and stylish bamboo bowl; it's handcrafted in Vietnam and features a transparent colored glaze that allows the natural grain of the wood to show through.,APPAREL,0,MULTI-CHANNEL,49140070284025,Wabash Valley Farms,0,GUEST_77c756c7-52d4-41bc-9f66-7b9528ce458d,GUEST_77c756c7-52d4-41bc-9f66-7b9528ce458d,https://imagetarget.com/image/Target/
11676419,Whirley Pop Ultimate Popcorn G,"Create the ultimate movie night at home using the barn red Whirley-Pop! Make up to 6 quarts of popcorn, enough for the whole family, and enjoy the convenience of pre-portioned popping kits. You have your choice of sweet & salty kettle corn or buttery, salty Real Theater Popcorn! Top things off by pouring it into the included Red Carpet plastic popcorn tub collection.",APPAREL,0,MULTI-CHANNEL,11676419284025,Wabash Valley Farms,0,GUEST_e2543ca1-48fe-4faa-908c-7f8a5b59015e,GUEST_e2543ca1-48fe-4faa-908c-7f8a5b59015e,https://imagetarget.com/image/Target/
79342100,"Bayou Classic 6, 8, & 10 Inch ","Bring some Cajun flavor to your cooking with the Bayou Classic 6, 8, & 10-Inch Cast Iron Skillet Set.

From breakfast feasts to roast chicken dinners, this cast iron skillet set is the ultimate cooking companion. Made from sturdy cast iron, it prevents burning and gives you a solid, evenly heated space to work on. It even features pour spouts for easy pouring for those delicious and flavorful sauces you've got cooking up.

Bring a bit of the bayou to your kitchen with this versatile cookware set from Bayou Classic.",APPAREL,0,MULTI-CHANNEL,79342100284025,Bayou Classic,0,GUEST_bcb65913-9500-48c5-830c-bb48de57dfd9,GUEST_e90076dd-e5f2-4874-910f-4b26afd88e11,https://imagetarget.com/image/Target/
77837527,Gullah Home Cooking the Daufus,"If there's one thing we learned coming up on Daufuskie, remembers Sallie Ann Robinson, it's the importance of good, home-cooked food. In this enchanting book, Robinson presents the delicious, robust dishes of her native Sea Islands and offers readers a taste of the unique, West African-influenced Gullah culture still found there.<br/><br/>Living on a South Carolina island accessible only by boat, Daufuskie folk have traditionally relied on the bounty of fresh ingredients found on the land and in the waters that surround them. The one hundred home-style dishes presented here include salads and side dishes, seafood, meat and game, rice, quick meals, breads, and desserts. Gregory Wrenn Smith's photographs evoke the sights and tastes of Daufuskie.<br/><br/>Here are my family's recipes, writes Robinson, weaving warm memories of the people who made and loved these dishes and clear instructions for preparing them. She invites readers to share in the joys of Gullah home cooking the Daufuskie way, to make her family's recipes their own. <p/>",APPAREL,0,MULTI-CHANNEL,77837527284025,Unknown,0,GUEST_6e30b17f-970d-48c0-a3c1-0983fba11912,GUEST_6e30b17f-970d-48c0-a3c1-0983fba11912,https://imagetarget.com/image/Target/
79134003,Vegan Cooking: Recipes for Beg,"<p>New jacket for this classic vegan cookbook published in association with The Vegan Society.</p><p>Eva Batt was a vegan cookery pioneer and her book is much revered by the Vegan Society. It's a classic introduction to vegan cooking, and is recommended for those who are new to meat and dairy free recipes.</p><p>The book: <br/>-explains the sorts of staples you'll need in the kitchen.<br/>-provides recipes that are extremely straightforward to prepare.<br/>-offers a complete nutritional guide to vegan food so the reader can be assured that they understand their protein requirements, and do get the right mix of vitamins, minerals and food groups.<br/>-explains the different protein supplements - such as tofu, soya, t.v.p.</p><p>Recipes cover a wide range of dishes and meal types from breakfasts to snacks, lunches, dinner and entertaining.</p><p>The recipes themselves are excellent and very much from a British tradition of 'good old fashioned' cooking. As well as the basic cooking instructions, the text is full of Eva Batt's useful tips and asides for new cooks.</p>",APPAREL,0,MULTI-CHANNEL,79134003284025,Unknown,0,GUEST_28d52757-b0f1-42b9-8e2e-8b1ebc0f7f5b,GUEST_28d52757-b0f1-42b9-8e2e-8b1ebc0f7f5b,https://imagetarget.com/image/Target/
81013258,Crafting Cross Stitch Cards - ,"A collection for those who love to create a cross stitched card or keepsake to mark life's important celebrations. It features over 200 charted designs, which offer variety both in subject matter and project choice. It provides instructions for making the cards and tags, as well as keepsakes such as a photo album, ring pillow and gift bag.",APPAREL,0,MULTI-CHANNEL,81013258284025,Unknown,0,GUEST_ac64e822-ec63-4d6c-8b18-677606c4343f,GUEST_ac64e822-ec63-4d6c-8b18-677606c4343f,https://imagetarget.com/image/Target/
78287791,All-Time-Favorite Recipes from,"Gooseberry Patch has been publishing cookbooks filled with recipes shared by cooks all across the country for nearly 30 years. Now we bring you the recipes from cooks in Texas. Along with treasured family recipes, each book includes the stories the go along with these tried & true dishes. 175 Recipes.",APPAREL,0,MULTI-CHANNEL,78287791284025,Unknown,0,GUEST_fe016fd9-e6b6-46d0-a6a4-b503f640b2c1,GUEST_fe016fd9-e6b6-46d0-a6a4-b503f640b2c1,https://imagetarget.com/image/Target/
80868604,Simply Thai Cooking - 3rd Edit,"<p><b><i> The perennial bestseller is back with a new look. </i></b> </p><p> The first two editions of <b><i>Simply Thai Cooking</i></b> have sold over 100,000 copies, and it's not hard to see why. Thai cooking is exhilarating, it's exotic -- and it's easier to make than ever before. The exciting, flavorful ingredients can be found everywhere, and nothing else so magically combines the savory with the sweet, the tart with the spicy. </p><p> These easy-to-follow recipes for a wide range of Thai standards are virtually foolproof and taste deliciously authentic. In addition to a new cover treatment, this new edition features 16 new color photographs of this wonderfully enticing cuisine. </p><p> All the favorites are back: </p><ul> <li>Thai cold spring rolls <li>Chicken satay <li>Lemongrass-shrimp soup <li>Thai hot and sour soup <li>Green papaya salad <li>Glass noodle salad <li>Pad thai <li>Coconut noodles with chicken and shrimp <li>Thai beef curry <li>Marinated grilled beef <li>Roast duck in red curry <li>Pork with red chili sauce <li>Shrimp in spicy coconut milk. </li> </ul><p> Most of these amazing recipes can be prepared in less than 30 minutes, and helpful hints on the essentials of Thai cuisine will appeal to beginner and experienced home cooks alike. </p>",APPAREL,0,MULTI-CHANNEL,80868604284025,Unknown,0,GUEST_126c3654-bb94-4465-a667-1c7286bb558e,GUEST_126c3654-bb94-4465-a667-1c7286bb558e,https://imagetarget.com/image/Target/
11630832,The Everything Wild Game Cookb,"Written with the most exotic wild game and fish in mind, this unusual collection features delicious, original recipes designed to please any meat lover's palate, including: <br><ul><li>Deer, wild boar, buffalo, and bear</li><li>Pheasant, quail, and partridge</li><li>Sal******er and freshwater catch</li><li>Rubs, relishes, and marinades</li><li>Trimmings and desserts</li></ul><br>Expert author Karen Eagle also reveals the secrets of cooking wild game, from the various techniques for preparing it (such as roasting and smoking) to substitutions that really work. With <i>The Everything Wild Game Cookbook</i>, it's not just same-old, same-old for supper any more",APPAREL,0,MULTI-CHANNEL,11630832284025,Unknown,0,GUEST_6ec01002-eed2-4cf2-a3b4-bd3c9aff426d,GUEST_6ec01002-eed2-4cf2-a3b4-bd3c9aff426d,https://imagetarget.com/image/Target/
76954456,The Art of Persian Cooking - (,"""For many centuries, the Iranians have looked upon food from three different points of view-the medicinal, the philosophical, and the cultural."" So reads the preface to this informative and unusual cookbook. In addition to covering 200 sumptuous classic Persian recipes, this collection features special sections on ""The History of Persian Cuisine,"" ""Food and Entertainment within the Persian Home,"" and ""The Fundamentals of Classic Persian Cooking."" The nutritious, easy-to-follow recipes include such traditional Persian dishes as Abgushte Adas (Lentil Soup), Mosamme Khoreshe (Eggplant Stew), Lamb Kabob, Cucumber Borani (Special Cucumber Salad), Sugar Halva, and Gol Moraba (Flower Preserves). From creating a holiday menu to determining which utensils to use, The Art of Persian Cooking covers a wide array of practical information to help even the novice chef prepare elaborate Persian dishes. The exotic fare is further enhanced by rich descriptions of the cultural and culinary history of Persian cuisine, without which it cannot be fully appreciated.",APPAREL,0,MULTI-CHANNEL,76954456284025,Unknown,0,GUEST_72309ed3-8695-4a06-9c1a-67df3253aa47,GUEST_72309ed3-8695-4a06-9c1a-67df3253aa47,https://imagetarget.com/image/Target/
79132624,Cranky Uncle vs. Climate Chang,"""People are always asking me 'what's the best source for debunking the claims of climate change deniers?' Now I have an easy answer: buy a copy of John Cook's new book, <i>Cranky Uncle vs Climate Change</i>.""<br>--Prof. Michael E. Mann, Author of <i>The Madhouse Effect</i> and <i>The Hockey Stick</i> <i>and</i> <i>the Climate Wars</i> <p/> ""This rare book answers many of your pressing questions, such as what to tell your crazy Uncle Joe when he insists at Thanksgiving dinner that climate change is a liberal hoax. Thank goodness for this book!""<br>--Prof. Naomi Oreskes, Author of <i>Merchants of Doubt, The Collapse of Western Civilization</i> <p/> ""This funny and factual walk through climate science and its impacts--and common arguments against them--will leave you informed, recharged, and excited to see the sequel: <i>Cranky Uncle vs Climate Solutions</i>. I can't wait!""<br>--Prof. Katharine Hayhoe, Author of <i>A Climate for Change: Global Warming Facts for Faith-Based Decisions</i> <p/> ""Because the book is so humorous and well written, it's easy to forget that you're learning a lot of climate science as you read it. I highly recommend it."" <br>--Prof. Andrew Dessler, Texas A&M University <p/> ""<i>Cranky Uncle vs Climate Change</i> is a fun way to learn about climate science and the psychology of denial. Come for the cartoons, stay for the science!""<br>--Dana Nuccitelli, Author of <i>Climatology vs. Pseudoscience</i> <p/> ""<i>Cranky Uncle vs. Climate Change</i> turns climate skeptics into foils for Cook's main mission of educating climate novices--witty, sardonic, enlightening, and engrossing."" <br>--Prof. Michael Oppenheimer, Princeton University <p/> ""Seriously funny! A phenomenal amalgam of clearly presented science and laugh-out-loud humor. Cook's cartoons will help you inoculate your favorite curmudgeon while offering enough inside jokes to tickle climate science aficionados. I love this book.""<br>--Susan Hassol, Director, Climate Communication <p/> ""Through this illustrated guide, John Cook capably pokes, prods, and draws attention to incongruous, mythical, false, and contradictory claims made by a proverbial 'cranky uncle' in all our lives. This Cook book provides a recipe for both laughing and learning.""<br>--Prof. Max Boykoff, Author of <i>Who Speaks for the Climate?</i> <p/> ""John Cook harnesses the power of light-hearted humor and engaging illustrations to help even the most novice among us better understand how and why climate change denial gets the science wrong.""<br>--Aaron McCright, Author of <i>The Risk Society Revisited</i> <p/> ""Cook is one of the world's foremost communicators of climate science, and this delightful book fully lives up to its promise to shine a disinfecting light onto the moral and rhetorical morass that is climate denial."" <br>--Prof. Stephan Lewandowsky, University of Bristol <p/> ""Another engaging contribution from John Cook for helping people understand the nuances of the climate change dialogue. But, using Lego to explain ocean acidification, that's just brilliant!""<br>--Prof. Ove Hoegh-Guldberg, Director, The Global Institute <p/> ""John Cook's new book helps us all laugh and learn, and in doing so transforms hard conversations into opportunities to communicate and connect. I'll be talking with my own uncle after reading this book.""<br>--Dr. Sarah Myhre, Founder, Rowan Institute",APPAREL,0,MULTI-CHANNEL,79132624284025,Unknown,0,GUEST_be8a22e7-12b1-46ac-b5dd-534213281a23,GUEST_be8a22e7-12b1-46ac-b5dd-534213281a23,https://imagetarget.com/image/Target/
78801865,Carnivore Cooking for Cool Dud,"The carnivore diet has emerged as an extremely compelling and scientifically validated strategy to drop excess body fat quickly, heal from assorted autoimmune, inflammatory, and leaky gut conditions, and dramatically elevate the nutrient density of your diet. While uncool naysayer dudes will dismiss the carnivore diet out of hand as crazy or even dangerous, these Cool Dudes will give you the straight scoop about the rationale for and benefits of eating sustainably-raised, nose-to-tail animal foods. This can be done with a strict protocol to address chronic ailments, or with a carnivore-ish strategy where certain less-offensive plant foods (e.g., fruit, dark chocolate, guacamole) are included in delicious recipes and snacks. This fun-loving but highly informative book will help you sort through the hype and misinformation about carnivore, and gain insights from some of the world's leading carnivore advocates like Dr. Paul Saladino and Dr. Shawn Baker. For example, with the intestinal microbiome widely regarded as the next frontier of health and medical science, you'll learn why a carnivore eating pattern can spark a dramatic reconstitution of gut bacteria and an improvement in damaged gut lining in only a few days. By restricting otherwise healthy plant foods like fruits, vegetables, nuts, and seeds, those with leaky gut or lectin sensitivity have experienced truly mind-blowing health improvements. What's more, the high satiety and easy compliance with carnivore can help you shed excess body fat quickly, without having to suffer from calorie restriction, extreme workouts and frequent backslides and burnout. The three Cool Dudes--Brad, Brian and William--health experts who walk their talk, enjoy life, perform magnificent athletic feats fueled by meat, and are nice to their wives and strangers alike, give you everything you need to succeed in this award-winning book. You'll learn the right way to implement a nose-to-tail carnivore eating strategy featuring a strategic variety of sustainably raised animal foods like grassfed meat, pastured eggs, wild-caught seafood, and the true superfoods of the planet: liver and other nutrient-dense organ meats. You'll also pick up some cool fitness and lifestyle tips to help support your dietary transition instead of compromise it. Forget the hassle and complexity of typical cookbook offerings and enjoy 97 delicious, quick and easy carnivore-friendly recipes. Isn't it about time for you to become a lean, mean, athletic, smart, happy, tan cool dude? This book will help you get there, and have fun along the way.",APPAREL,0,MULTI-CHANNEL,78801865284025,Unknown,0,GUEST_2688e547-ea88-4f72-8d38-9441b68eba74,GUEST_2688e547-ea88-4f72-8d38-9441b68eba74,https://imagetarget.com/image/Target/
78144275,A Bad Case of Tattle Tongue - ,"A Book that Helps Kids Learn the Difference Between Tattling and Telling. <p> No one likes ""Josh the Tattler"" because he tattles way too much. He tattles on his classmates, his brother, and even his dog! But one night Josh wakes up to find that his tongue is very long, yellow, covered in bright purple spots, and Itchy, Itchy, Scratchy, Scratchy]€]. <p> Will a bad case of Tattle Tongue teach him a lesson? <p> A Bad Case of Tattle Tongue gives teachers and counselors a humorous, cleverly creative way to address the time-consuming tattling-related issues that often sap classroom energy and thwart teaching opportunities. Parents who ""battle the tattle"" at home, on the playground, in the grocery store, or anywhere else can use this book to both entertain and enlighten their children about ""The Tattle Rules."" Every adult who desires to help children understand the differences between tattling and the need to warn others about important matters needs this book!",APPAREL,0,MULTI-CHANNEL,78144275284025,Unknown,0,GUEST_db62bb91-d97d-4a8a-8eaa-16b1be8fc78a,GUEST_db62bb91-d97d-4a8a-8eaa-16b1be8fc78a,https://imagetarget.com/image/Target/
77171263,Lateral Cooking - by  Niki Seg,"<p><b>A groundbreaking handbook--the ""method"" companion to its critically acclaimed predecessor, <i>The Flavor Thesaurus--</i></b><b>with a foreword by Yotam Ottolenghi.</b></p><p>Niki Segnit used to follow recipes to the letter, even when she'd made a dish a dozen times. But as she tested the combinations that informed <i>The Flavor Thesaurus</i>, she detected the basic rubrics that underpinned most recipes. <i>Lateral Cooking </i>offers these formulas, which, once readers are familiar with them, will prove infinitely adaptable.</p><p>The book is divided into twelve chapters, each covering a basic culinary category, such as ""Bread,"" ""Stock, Soup & Stew,"" or ""Sauce."" The recipes in each chapter are arranged on a continuum, passing from one to another with just a tweak or two to the method or ingredients. Once you've got the hang of flatbreads, for instance, then its neighboring dishes (crackers, soda bread, scones) will involve the easiest and most intuitive adjustments. The result is greater creativity in the kitchen: <i>Lateral Cooking</i> encourages improvisation, resourcefulness, and, ultimately, the knowledge and confidence to cook by heart.</p><p><i>Lateral Cooking</i> is a practical book, but, like <i>The Flavor Thesaurus</i>, it's also a highly enjoyable read, drawing widely on culinary science, history, ideas from professional kitchens, observations by renowned food writers, and Segnit's personal recollections. Entertaining, opinionated, and inspirational, with a handsome three-color design, <i>Lateral Cooking</i> will have you torn between donning your apron and settling back in a comfortable chair.</p>",APPAREL,0,MULTI-CHANNEL,77171263284025,Unknown,0,GUEST_5a7147c9-8835-4846-ac6b-23973b052ad1,GUEST_5a7147c9-8835-4846-ac6b-23973b052ad1,https://imagetarget.com/image/Target/
79658052,Apulia Favourite Recipes: Trad,"The cuisine of Puglia comes from both the land and sea. Its ingredients reflect the nature of the region, coming together in dishes that are ""simple"" in the noblest sense of the world. The quality of these ingredients stems from farming and fishing traditions that are thousands of years old. And since so many of the dishes have the most humble origins, they are generally easy to prepare.",APPAREL,0,MULTI-CHANNEL,79658052284025,Unknown,0,GUEST_7c041bf7-b9c5-4c8b-b5e7-01e7bc98d891,GUEST_7c041bf7-b9c5-4c8b-b5e7-01e7bc98d891,https://imagetarget.com/image/Target/
79680440,Cooking Meat - by  Peter Sanag,"<b>A cookbook to turn passionate meat lovers into confident meat cooks, with more than 120 deliciously meaty recipes from butcher and chef, Peter Sanagan.</b> <p/><b>COOKING MEAT</b> is a meat-lover's guide to everything there is to know about meat, written by Peter Sanagan--chef by training, butcher by trade--who has cooked just about every cut of meat available. From information on sustainable, responsible farming to understanding the different cuts of meats for sale (and what their labels really mean), <i>Cooking Meat </i>is an insider's look at choosing, buying, prepping, cutting, and cooking meat. <p/>Inside are more than 120 recipes, from childhood-inspired favorites, like Meatballs, Crispy Baked Chicken Wings, and Memphis-Style Barbecued Side Ribs, to classic comfort food, like Fried Chicken and Steak and Ale Pie, and from elevated cuisine like Duck Confit and international favorites like Lamb Biryani, to simple paired-back dishes like Roasted Fresh Ham. Also included are step-by-step basic butchery techniques, as well as detailed methods for meaty challenges like stuffing your own sausages, cooking a flawless steak, carving poultry, making bacon, and (the number one question a butcher is asked!) roasting the perfect chicken. With a master guide for every common cut of meat, along with the best cooking methods to pair with them (from roasting to braising to grilling to sous viding to pressure cooking), Peter gives you the tools to determine what type of meat you want to cook, and how to get the best results every time. <p/>In <i>Cooking Meat</i>, you'll discover an invaluable reference, like a guided tour of the butcher's case, written with one goal: to turn meat lovers into meat cooks.",APPAREL,0,MULTI-CHANNEL,79680440284025,Unknown,0,GUEST_43975327-e2c8-4e6b-9b62-d06c5e53fdff,GUEST_43975327-e2c8-4e6b-9b62-d06c5e53fdff,https://imagetarget.com/image/Target/
12973926,Better Homes and Gardens New C,"Featuring over 1200 recipes--600 of them brand new--the <i>Better Homes and Gardens New Cook Book</i> has been newly revised and updated, making American's favorite cookbook even more indispensable than ever. This Eleventh Edition is written specifically for the today's health-conscious cooks who are leading hectic and busy lives. With menu planning, cooking tips on low-fat and no-fat meals, and a guide to cooking terms, techniques and helpful hints from the Better Homes and Gardens Test Kitchen, this is a sourcebook for all who find themselves in the kitchen. The <i>New Cook Book</i> covers everything from cooking basics to canning and freezing, breads and cakes to fish and shellfish, and meat and poultry to soups and stews. There are recipes for sauces and relishes, and sumptuous cookies and desserts. In addition there is a new chapters on Beans, Rice and Grains and a special chapter on Grilling. <p/>Many of the recipes are designed for cooks on the go and preparation and cooking times are included for each recipe. Moreover, nutritional information is given for each recipes, and those low fat and no fat recipes are highlighted. <p/>For generations, novices and experienced cooks alike have relied on the <i>Better Homes and Gardens New Cook Book</i> for recipes that combine excellent flavor, ease of preparation, and balanced nutrition. Now completely revised and updated, America's bestselling cookbook promises to continue that tradition,",APPAREL,0,MULTI-CHANNEL,12973926284025,Unknown,0,GUEST_11523a1b-ea44-46de-a9e3-632f495e30ed,GUEST_11523a1b-ea44-46de-a9e3-632f495e30ed,https://imagetarget.com/image/Target/
81008747,Selling Your Business for More,"<p>""When it comes to selling their business, many entrepreneurs and their descendants lack the help they really need. Sure, they can find technical answers but those don't suffice when someone is selling a piece of their baby, their heritage, their birthright, their identity. For that they need special assistance found in Selling Your Business for More, a book that not only provides a 'how to' for a seller's mind but also a 'how to' for a seller's soul"" - Lloyd E. Shefsky, Clinical Professor Entrepreneurship, Founder and Co-Director, Center for Family Enterprises, Kellogg School of Management</p> <p>""So much is just right about this book. Selling Your Business for More is a series of strolls with seasoned guides through the most challenging transaction most entrepreneurs will ever undertake. In clear compact conversational prose the authors walk us through the complexities of business sale with special attention to human and family concerns. Particularly useful is their advice on successful adaptation to a new and strange environment after company has passed abruptly into the buyer's hands. Sellers and their advisors will want to keep copies at arm's reach during the deal - to use as a roadmap, working memorandum and communications switchboard."" - Gerald Le Van, Chair, Family Business and Wealth Mediation Group, Upchurch Watson White and Max</p> <p>""Selling Your Business For More is not just another 'how to' business text - the authors' holistic perspectives incorporating their extensive and practical experiences related to family trust& personal wealth management is an essential read for any entrepreneur at a 'crossroads' of their business enterprise or career. This highly illuminating discussion helps frame many of the diverse considerations of the business owner against the 'art' of M&A beyond the basic processes, numbers, and legal considerations."" - Michael Kim, Chairman& CEO, Global Gaming& Hospitality Capital Advisors</p> <p>""Selling Your Business for More delivers comprehensive guidance on transitioning your business while holding the reader's interest page after page. Unlike many M&A treatises, this book offers a broad perspective by masterfully blending the technical issues of selling a business with the emotional and psychological aspects. The reader is continuously presented with thought-provoking questions to assist them in 'Maximizing Returns for You, Your Family and the Business.'"" - Richard A. Schlueter, President, ComStock Advisors</p>",APPAREL,0,MULTI-CHANNEL,81008747284025,Unknown,0,GUEST_f189c118-81bd-4e22-9e4c-d5e768504c07,GUEST_f189c118-81bd-4e22-9e4c-d5e768504c07,https://imagetarget.com/image/Target/
80982753,Glacial Sediment Transfer - (C,US,APPAREL,0,MULTI-CHANNEL,80982753284025,Unknown,0,GUEST_234d00ad-f51a-40bc-a2d7-d358ffb926d6,GUEST_234d00ad-f51a-40bc-a2d7-d358ffb926d6,https://imagetarget.com/image/Target/
78658547,The Tao of Cooking - by  Sally,"<p>Taking full advantage of a rich variety of fresh ingredients, <i>The Tao of Cooking</i> offers the adventurous cook a chance to experiment with 300 meatless recipes from around the world. Divided into 12 chapters, the book includes recipes for entrees, breakfasts, soups, appetizers, side dishes, and pasta and more than 50 recipes for breads and desserts. Menus for complete meals, a glossary of ingredients, and a thorough index contribute to making it one of the most useful and joyful treasures on your cookbook shelf. These superb recipes and menus are from the legendary Tao Restaurant which was operated by the Rudrananda Ashram in Bloomington, Indiana. A vegetarian favorite!</p>",APPAREL,0,MULTI-CHANNEL,78658547284025,Unknown,0,GUEST_4dc5dbcb-13ad-436e-ba53-01f3a39d6f58,GUEST_4dc5dbcb-13ad-436e-ba53-01f3a39d6f58,https://imagetarget.com/image/Target/
77524885,Cooking for Cats - by  Debora ,"<b>Twenty simple, healthy, and delicious recipes to cook for your cat at home, from everyday dishes to treats and snacks.</b> <p/>In her latest book, food writer Debora Robertson has created a fun, indulgent book for feline fanatics. Inspired by her cat, Dixie, she's devised an exciting menu of simple, inexpensive dinners and treats made using readily available ingredients, so they fit easily into your everyday life. With twenty recipes, there is something to tempt even the most finicky of feline palates. <p/>The book is packed full of advice on your marvelous cat's diet. It begins with an indispensable larder section before guiding you through everyday treats, easy one-pot dinners, and delicious dishes for special occasions. Many of the dishes can be made cheaply in batches, and there is advice on how best to feed your cat. The book includes recipes not only for good general health, but also advice on nutrition for sick or recovering cats. <p/>And because play is important, the book also contains simple craft projects too, including a fishing-pole toy, scratching post, indoor kitty garden, catnip mouse, cardboard cat playhouse, and cat pillow. There are also suggestions on making presents for cats, as well as tips on training and general good cat behavior.",APPAREL,0,MULTI-CHANNEL,77524885284025,Unknown,0,GUEST_dc6210ce-7160-4895-b0cc-22c2af0918c4,GUEST_dc6210ce-7160-4895-b0cc-22c2af0918c4,https://imagetarget.com/image/Target/
77049568,The Everything Cooking for Kid,"<b>Ronni Litz Julien, MS, RD/LDN</b> (Bay Harbor Islands, FL), is a nutritionist and health expert, registered dietitian, author, and Childhood Nutrition Expert for Discovery Kids' Channel. Julien develops lifelong behavioral changes for clients, creating nutrition lifestyles that are realistic and simple to manage. She specializes in family/children's healthy eating, disease prevention, weight management, heart disease, diabetes, eating disorders, cancer, and other nutrition-related issues. She is the ABC/WPLG Local 10.com Family Nutrition Correspondent, and serves as a consultant to national and local media on the topics of nutrition and healthy eating. Julien is also a volunteer spokesperson for the American Heart Association's Campaign on Childhood Obesity. Her heart belongs to her husband Stephen, and her twelve- and fifteen-year-old boys, Jamie and Jordan.",APPAREL,0,MULTI-CHANNEL,77049568284025,Unknown,0,GUEST_d43b3e4f-4baf-47be-be9f-eb93a9aea8ff,GUEST_d43b3e4f-4baf-47be-be9f-eb93a9aea8ff,https://imagetarget.com/image/Target/
81048853,Super Simple Cooking for Kids ,"<p><strong>50 Simple recipes to build kids' confidence in the kitchen--for ages 8-12 </strong></p><p>Learning to cook should be as easy and fun as enjoying the final product. <em>Super Simple Cooking for Kids</em> gives kids a taste for kitchen independence (and their own delicious food!). With 50 simple recipes designed specifically for beginners, this kids cookbook requires no previous experience, pricey ingredients, or specialized equipment. </p><p>Kids will start with the basics by learning how to follow a recipe, kitchen safety essentials, and when to ask for help. Then, pint-size chefs can try simple, delicious recipes for every meal, including Pumpkin Pancakes, Chicken Taquitos, and Baked Ravioli--many of which they can accomplish all on their own. Handy indicators of the recipe's level of difficulty make it easy to pick dishes that work for you. </p><p>Inside this kids cookbook you'll find: </p><ul><li><strong>Fewer ingredients, more flavor</strong>--50 super simple kids cookbook recipes that use 5 to 10 ingredients--tops. </li><li><strong>Picky eaters rejoice!</strong>--Familiar foods will appeal to even the pickiest of palates, without compromising on nutrition. </li><li><strong>Cooking fun</strong>--This kids cookbook is filled with fun food facts that will pique their minds as well as their appetites. </li></ul></p><p>Discover a kids cookbook that teaches the basics in the kitchen with delicious results! </p>",APPAREL,0,MULTI-CHANNEL,81048853284025,Unknown,0,GUEST_615502fa-6c7e-4f63-95d6-a64e072ab81d,GUEST_615502fa-6c7e-4f63-95d6-a64e072ab81d,https://imagetarget.com/image/Target/
77865016,Cooking Through College - by  ,US,APPAREL,0,MULTI-CHANNEL,77865016284025,Unknown,0,GUEST_3232e66f-59c4-4487-9fb0-48e667e03815,GUEST_3232e66f-59c4-4487-9fb0-48e667e03815,https://imagetarget.com/image/Target/
77917997,Copycat Cooking with Six Siste,"The popular Six Sisters' Stuff bloggers come to the rescue with a new collection of more than 100 easy-to-make recipes of popular restaurant dishes and takeout favorites for busy families. Make meal planning a breeze as you mix-and-match side dishes from one restaurant with main courses from another and finish it off with a dessert from a third. Save money while spending more time with your family. Change dining-out to dining-in for a memorable experience your whole family will enjoy. <p/> Includes recipes for Texas Roadhouse Cactus Blossom, Panda Express Orange Chicken, Olive Garden Chicken Parmesan, Disneyland Monte Cristo Sandwich, Chili's Molten Hot Lava Cake, Sprinkles Red Velvet Cupcakes, and Universal Studios Butterbeer. <br>",APPAREL,0,MULTI-CHANNEL,77917997284025,Unknown,0,GUEST_fd2216e5-ed8d-45a9-aadb-b88ca134b662,GUEST_fd2216e5-ed8d-45a9-aadb-b88ca134b662,https://imagetarget.com/image/Target/
79266097,Mirage - by  Kristi Cook (Pape,"<b>Danger looms large in the sequel to <i>Haven</i>, which <i>Booklist</i> called ""a blend of the Gemma Doyle trilogy, the Twilight saga, and Lois Duncan's thrillers.""</b> <p/>Violet McKenna is back for her senior year at Winterhaven and thrilled to be with Aidan after a long summer apart. But while their love for each other is as strong as ever, their troubles are far from over. <p/>News of a rogue vampire on a killing spree sets everyone on edge. While Aidan is determined to stop the killer, Violet is chilled by a horrifying vision she simply must prevent...for if she can't, two people she loves will meet a violent end. <p/>In the midst of Violet's fear, a mysterious newcomer enters her life--and he has some vital information not just about her past, but about her future as well. Now everything Violet held as truth is upended, and she is left not knowing whom to trust, if she is in danger, and--worst of all--whether she and Aidan are really meant to be together.",APPAREL,0,MULTI-CHANNEL,79266097284025,Unknown,0,GUEST_f07d2ba0-bed7-4e3f-a64e-d5b36f86b4ba,GUEST_f07d2ba0-bed7-4e3f-a64e-d5b36f86b4ba,https://imagetarget.com/image/Target/
79486278,Cooking Light Slow-Cooker Toni,"At 25 years, <i>Cooking Light</i> is the nation's leading epicurean brand with the largest audience, most epicurean editorial and the most recipes. <i>Cooking Light</i> is the only<b></b>epicurean brand positioned at the intersection of great-tasting food and healthfulness, serving an important and growing consumer need. The brand delivers innovative recipes, nutrition advice, and resources to live a healthful lifestyle via its magazine, website, and portfolio of cookbooks; across all tablets; through the highly-acclaimed <i>Cooking Light Quick and Healthy Menu Maker</i> app; and on social media platforms including, Facebook (Facebook.com/CookingLight), Twitter (@Cooking_Light) and Pinterest (Pinterest.com/CookingLight). <i>Cooking Light</i> is published by the Time Inc. Lifestyle Group, a division of Time Inc., the largest magazine media company inthe U.S.",APPAREL,0,MULTI-CHANNEL,79486278284025,Unknown,0,GUEST_f53cbcf3-8d2f-44e3-9c4e-2f5ee38debe4,GUEST_f53cbcf3-8d2f-44e3-9c4e-2f5ee38debe4,https://imagetarget.com/image/Target/
78151705,Personal Space Camp Activity a,"""A new book of activities to go along with Personal Space Camp storybook by Julia Cook. Use as a supplementary teacher's guide with the storybook. Full of discussion questions and exercises to share with students""--",APPAREL,0,MULTI-CHANNEL,78151705284025,Unknown,0,GUEST_9cbffd3a-305f-4048-9c63-2449e4471aa6,GUEST_9cbffd3a-305f-4048-9c63-2449e4471aa6,https://imagetarget.com/image/Target/
54269721,The Cooking Gene - by  Michael,"<p><strong>Winner of the 2018 James Beard Foundation's Book Of The Year Award!</strong></p><p>Culinary historian Michael W. Twitty brings a fresh perspective to our most divisive cultural issue, race, in this illuminating memoir of Southern cuisine and food culture that traces his ancestry--both black and white--through food, from Africa to America and from slavery to freedom.</p><p>Southern food is integral to the American culinary tradition, yet the question of who ""owns"" it is one of the most provocative touchpoints in our ongoing struggles over race. In this unique memoir, Twitty takes readers to the white-hot center of this fight, tracing the roots of his own family and the charged politics surrounding the origins of soul food, barbecue, and all Southern cuisine. </p><p>Twitty travels from the tobacco and rice farms of colonial times to plantation kitchens and backbreaking cotton fields to tell of the struggles his family faced and how food enabled his ancestors' survival across three centuries. He sifts through stories, recipes, genetic tests, and historical documents, and visits Civil War battlefields in Virginia, synagogues in Alabama, and black-owned organic farms in Georgia.</p><p>As he takes us through his ancestral culinary history, Twitty suggests that healing may come from embracing the discomfort of the South's past. Along the way, he reveals a truth that is more than skin deep--the power of food to bring the kin of the enslaved and their former slaveholders to the table, where they can discover the real America together.</p>--Dr. Henry Louis Gates, host of PBS' Many Rivers to Cross </em>and Finding Your Roots</em>",APPAREL,0,MULTI-CHANNEL,54269721284025,Unknown,0,GUEST_bb8b127e-cdeb-46a1-9811-3f3b8c35c415,GUEST_bb8b127e-cdeb-46a1-9811-3f3b8c35c415,https://imagetarget.com/image/Target/
53241329,Swiffer Duster Super Extender ,"Swiffer Dusters Super Extender Handle extends up to 6 feet allowing you to reach more areas of your home and Trap + Lock up to 3x more* dust & allergens.** Duster offers 360 degrees of specially coated fibers grab onto dust & do not let go. They are uniquely designed to Trap + Lock dust from every direction. *vs. feather duster, **common inanimate allergens from cat and dog dander & dust mite matter. Swiffer Super Extender Handle Starter Kit comes with 4 Heavy Duty Duster Refills. Specially coated fibers grab onto dust & don't let go.",APPAREL,0,MULTI-CHANNEL,53241329284025,Swiffer,0,GUEST_d66e0c73-82d2-4b7f-9953-f428476eb621,GUEST_276dbd1a-1d15-4709-b24f-bbe315560ac2,https://imagetarget.com/image/Target/
53437685,Oxo Extendable Tile Brush,"The Extendable Tub & Tile Brush extends from 26"" to 42"" with a quick twist to clean without climbing or crouching. The bristled head pivots for cleaning at different angles, making it perfect for  tubs, tiles, glass, floors and narrow spaces around the toilet. Sturdy bristles scrub broad surfaces and fit into corners while the front bristles are shaped to get into corners, recesses and grout lines. The sturdy steel pole and non-slip handle make even the toughest cleaning jobs a little easier.",APPAREL,0,MULTI-CHANNEL,53437685284025,OXO,0,GUEST_f8ae13d2-94bd-413f-aebb-c96c6fa3852f,GUEST_051f9b5b-9901-46d8-861f-ffa5843e56bd,https://imagetarget.com/image/Target/
78327954,Casabella Infuse Glass Cleaner,"Treat your glass surfaces to cleanliness and shine with the help of the Glass & Window Spray Bottle Cleaning Kit from Casabella Infuse. This kit is perfect for cleaning a variety of glass surfaces, including mirrors, windows, windshields, high-gloss lacquered surfaces, and even your cellphone and computer monitor. The spray is formulated to give your surfaces a fragrance-free, ammonia-free and streak-free shine, helping you keep your household cleaning regimen non-toxic when used as directed. With a refillable spray bottle and unscented concentrate, all you need to do is refill the bottle with water and reload the cleaning concentrate — letting you clean again and again with the same bottle for reduced waste.",APPAREL,0,MULTI-CHANNEL,78327954284025,Casabella,0,GUEST_0fb98434-11f8-4193-b883-49efb2e8afdd,GUEST_7fdf4c0a-8b65-4e8c-bdc5-49d1ef2e45fd,https://imagetarget.com/image/Target/
53241294,Swiffer Sweeper Heavy Duty Mul,"Swiffer Sweeper Heavy Duty Dry Sweeping Cloths Trap + Lock 2x more dirt, dust, and hair* allowing you to quickly and easily clean all your hard floor surfaces. *vs. multi surface sweeper dry cloth. Over 30,000 3D fibers brush into tight spaces gathering dust, dirt, and pet hair. Great on Grout and any other floors from tile to finished hardwood. Make sure you try Swiffer Heavy Duty Wet Cloths to make mopping floors a breeze. When you are done, just throw that pad, and all its dirt, away. For best results use with Swiffer Sweeper and Swiffer Sweep + Vac.",APPAREL,0,MULTI-CHANNEL,53241294284025,Swiffer,0,GUEST_d8802caf-460a-4a07-8aab-459f25fb18b6,GUEST_604eb7cc-7230-44a1-8a6f-02dee65d1cba,https://imagetarget.com/image/Target/
16965145,OXO Soap Dispensing Dish Brush,"Add efficiency to your kitchen cleaning with this Soap-Dispensing Dish Brush Set from OXO. Featuring nylon bristles and a soft-grip handle, this plastic dish brush provides a sturdy cleaning utensil for scrubbing plates, frying pans and more. Pour soap into the middle of this dish brush by folding back a button just above the handle; press that same button to dispense soap as you wash, helping reduce cleaning time and effort. This dish brush set includes a plastic holder, keeping your brush clean and ready whenever you need to wash dishes.",APPAREL,0,MULTI-CHANNEL,16965145284025,OXO,0,GUEST_63de1a74-6810-43c1-a30d-3e9432658ef5,GUEST_e86f4cea-0f8c-4c3b-8dc8-305cb1c851e6,https://imagetarget.com/image/Target/
13507475,Armor All 50c Cleaning Wipes A,"Your car's delicate surfaces are too important to trust to a household cleaner. Get that natural ""just detailed"" look from Armor All® Cleaning Wipes. Meticulously engineered for your car's special needs, these convenient wipes lift away dirt and debris, revealing your car's rich, natural beauty without harming delicate surfaces. Great for your car's dash, vinyl, fabric, carpet, consoles, leather and more. Lint-free disposable Cleaning Wipes won't leave a greasy residue on your hands. Features a Moisture Lock Lid which guarantees wipes will not dry out for one year after purchase.",APPAREL,0,MULTI-CHANNEL,13507475284025,Armor All,0,GUEST_2b54ae6e-94dc-4dbf-8fa8-aa7bfd860733,GUEST_da6ad6f4-6431-4939-877d-d02d249b4d72,https://imagetarget.com/image/Target/
52297080,Swiffer WetJet Pad &#38; Liqui,"Swiffer Heavy Duty Wet Sweeping Cloths Trap + Lock 50% more dirt* allowing you to quickly and easily clean all your hard floor surfaces. *vs. Swiffer wet mopping pad. Swiffer WetJet Pad and Liquid Bundle Pack has a dirt magnet Strip funnels dirt and liquids into the pads center and off your floors. Scrubbing strip breaks apart even the most stubborn dirt. Safe on all finished floors**do not use on unfinished, oiled or waxed wooden boards, non sealed tiles or carpeted floors because they may be water sensitive. Make sure to try Swiffer Heavy Duty Dry Cloths to take your sweeping game to the next level.",APPAREL,0,MULTI-CHANNEL,52297080284025,Swiffer,0,GUEST_439818db-21ad-4efa-a2df-0bd2c89dc151,GUEST_04953cdc-8c22-490a-84f6-8c6cfa12bc11,https://imagetarget.com/image/Target/
78259889,Cascade Platinum ActionPacs Le,"Cascade Platinum ActionPacs dishwasher detergent cleans burnt-on messes in just one wash, with no pre-wash needed. Our powerful ActionPacs unleash cleaning agents that dissolve food, lift it off, and rinse it away. Premium tough food cleaning powers away burnt-on foods, while built-in rinse aid action and the grease-fighting power of Dawn make your dishes shine. Cascade Platinum dishwashing detergent is formulated to help prevent hard-water filming keeping your machine looking fresh and clean. ActionPacs are convenient and easy to use, dissolve quickly, and are safe for septic systems. Plus, Cascade is the #1 Recommended Brand in North America! That's right, more dishwasher brands in North America recommend Cascade vs. any other automatic dishwashing detergent brand, recommendations as part of co-marketing agreements.<br />",APPAREL,0,MULTI-CHANNEL,78259889284025,Cascade,0,GUEST_79e9f6f8-bb0c-4474-976d-0e92f14dd171,GUEST_aa138c60-c18d-4630-b6e4-3971cf52026f,https://imagetarget.com/image/Target/
13025048,Clorox ToiletWand Disposable T,"Clorox ToiletWand Disposable Toilet Cleaning System is a convenient way to a quick clean toilet. The starter kit contains one wand, 6 refills and 1 storage caddy to get you started on a deeper clean. Each disposable head is preloaded with Clorox Cleaner with 4x the powerful scrubbing action to clean tough stains, kill germs, remove rust, calcium and limescale while it disinfects and deodorizes with ease. Based on comparative lab tests, the toilet wand cleans better than a brush. The sponge like cleaning head is shaped so that you can get into every nook and cranny needing cleaning and germ control while killing 99.9% of germs like staphylococcus aureus, salmonella enterica, rhinovirus type 37 and influenza A. This all in one system is designed so that you get a brand new cleaning sponge every time you clean without having to touch a yucky brush. Just click your way to a cleaner toilet with the Clorox ToiletWand Disposable Toilet Cleaning Starter Kit.
<br />
<br />Usage Directions: To disinfect, empty toilet bowl before cleaning. Open pouch of disposable cleaning heads and push handle straight down onto cleaning head until it clicks into place. Dip cleaning head in remaining toilet bowl water for 1-2 seconds. Scrub entire toilet bowl above the water line. Let sit 10 minutes. Flush to rinse toilet. When finished, press cleaning head against the toilet bowl, slide blue button forward and release head into trash bin. Do not flush cleaning head. ToiletWand handle sold separately.
<br />
<br />Caution Statements: Disposable toilet cleaning heads may cause eye and skin irritation. Avoid eye and skin contact with cleaning heads. Keep handle and cleaning heads out of reach of children and pets.
<br />
<br />",APPAREL,0,MULTI-CHANNEL,13025048284025,Clorox,0,GUEST_1804c4bd-10b9-4897-9af9-8ddb6f0bb496,GUEST_dfb02a25-e6e6-4142-b77d-20d05634755f,https://imagetarget.com/image/Target/
75564423,Squeegee - Made By Design&#848,"Keep your glass surfaces clean and flawless with a plastic Squeegee from Made By Design™. This plastic glass squeegee has a rubber lip that hugs glass for a streak-free finish, and the simple handle makes it comfortable to use. Pair it with glass cleaner of your choice to get professional-looking results on your mirrors, windows, shower and more. ",APPAREL,0,MULTI-CHANNEL,75564423284025,Made By Design,0,GUEST_a5b71e82-8cae-43f1-a59e-bca5f3640644,GUEST_0a70ccf2-81ab-4967-a6cd-0c9f53c2c58b,https://imagetarget.com/image/Target/
75666230,Scotch-Brite Scratch-Free Glas,The Scotch Brite Glass Cooktop Wand uses just a little water and a lot of innovative 3M technology. Easily replaceable cleaning heads make sure you’re always ready for tough burned on messes. No chemicals. No scratching. No sweat. Don’t clean harder - clean smarter with the scratch free Scotch Brite Glass Cooktop Wand.<br />-Rinses clean<br />-Dishwasher-safe<br />-Includes 1 wand and two cleaning heads<br />-Refill with Scotch-Brite Glass Cooktop Wand Replacement Heads<br />-Packaging materials contain 100% recycled content,APPAREL,0,MULTI-CHANNEL,75666230284025,Scotch-Brite,0,GUEST_029b51c6-d6da-4ba0-bd68-f712a12f76df,GUEST_bce2cb7f-4e43-4512-afaf-f68a54ef7480,https://imagetarget.com/image/Target/
12992360,Clorox Disinfecting Wipes Blea,"Clorox Disinfecting Wipes are triple-layered to clean, disinfect and remove allergens for 5x cleaning power and leave a clean Fresh scent. Disinfecting Wipes clean and disinfect with antibacterial power that kills 99.9% of viruses and bacteria that can live on surfaces up to 48 hours, including staph, E. coli, MRSA, salmonella, strep and Kleb. These all-purpose disposable wipes remove common allergens, germs and messes on surfaces like kitchen counters, bathroom surfaces and more. Wipes are safe to use on finished wood, sealed granite and stainless steel. Disinfecting Wipes are also great on non-food-contact surfaces in the home, office, classroom, pet area, dorm and locker room. Clean with bleach-free wipes to keep dirt and germs away and leave behind a clean Fresh scent.<br /><br />Usage Directions: Directions for Use: It is a violation for Federal law to use this product in a manner inconsistent with its labeling.  To clean and remove allergens: Wipe surface clean with this product. Let air dry.  To disinfect and deodorize hard, nonporous surfaces: Wipe surface; use enough wipes for treated surface to remain visibly wet for 4 minutes. Let surface dry. For highly soiled surfaces, clean excess dirt first. For surfaces that may come in contact with food, a potable water rinse is required. This product is not for use on dishes, glassware or eating utensils. Not for cleaning or sanitizing skin. Do not use as a diaper wipe or for personal cleansing. Clorox Disinfecting Wipes will not harm most surfaces including acrylic, sealed fiberglass, sealed granite and finished hardwood. Not recommended for use on unpainted wood and unfurnished, unsealed, waxed, oiled or worn surfaces. Test a small area first.<br /><br />Caution Statements: Keep out of reach of children. Do not use as a diaper wipe or for personal cleansing. Causes moderate eye irritation. Avoid contact with eyes or clothing. Wash thoroughly with soap and water after handling. Physical or chemical hazards: do not use or store near heat or open flame.",APPAREL,0,MULTI-CHANNEL,12992360284025,Clorox,0,GUEST_229daeda-18b8-4fb1-8f1c-7d0028b1aa0f,GUEST_b3e6b968-14b9-4c9e-8c1f-248a642c8727,https://imagetarget.com/image/Target/
78308319,PowerPlus Hard Surface Antibac,"Performance you expect, with the ingredients you can trust. Clean without compromise. Bona's PowerPlus Antibacterial Hard-Surface Floor Cleaner cleans and disinfects with the power of Hydrogen Peroxide. This ready to use antibacterial cleaner is uniquely formulated to powerfully clean and effortlessly remove stubborn stains while killing 99.9% of household germs.* It leaves your home smelling clean and fresh with no harsh chemical smell.",APPAREL,0,MULTI-CHANNEL,78308319284025,Bona,0,GUEST_564cecac-e4fe-4e0e-a823-33015784cde0,GUEST_25bbb8c7-e06e-4412-9d83-0423e0c8ffae,https://imagetarget.com/image/Target/
52893648,Scotch-Brite&#174; Heavy Duty ,"Reach for the Scotch Brite Heavy Duty Scrub Sponge because sometimes the mess is just too tough for a regular scrub sponge. From grunge on the grill, to pots and pans that sat overnight, get it done right! Look for heavy scrubbing power also available in a large size for your toughest messes.",APPAREL,0,MULTI-CHANNEL,52893648284025,Scotch-Brite,0,GUEST_fce62979-83c1-47ce-adb2-32d4a0194206,GUEST_af36d67d-b5bf-4be9-8591-f8f28d04d77e,https://imagetarget.com/image/Target/
14694510,Floor Sweepers Dry Cloths - 16,"Clean up tile, linoleum or wood floors with ease with Floor Sweeper Dry Cloths from up & up™. These dry sweeper cloths trap dirt, dust and hair without having to use multiple implements, like a broom and dustpan, and without the mess of a sopping mop and bucket. Perfect for homes with pets, these dry cloths pick up hair and debris on the floor in one quick pass, and then can be easily disposed of. They're unscented so you don't have to worry about any chemical cleanser smell, and the 16 count gives you enough for more than two weeks of once-daily use to keep your home looking great. <br /><br />100% Satisfaction Guaranteed.",APPAREL,0,MULTI-CHANNEL,14694510284025,Up&Up,0,GUEST_bc4da633-b25b-44ba-8e38-6f9978abbd0a,GUEST_bc4da633-b25b-44ba-8e38-6f9978abbd0a,https://imagetarget.com/image/Target/
14710162,Clorox Automatic Toilet Bowl C,"Clorox Automatic Toilet Bowl Cleaner Bleach & Blue tablet sanitizes and refreshes your toilet bowl with every flush. Designed to help prevent tough stains, this Bleach and Blue tablet let you spend less time scrubbing your toilet, just simply drop the tablet in your tank and let it do its work. And you will know it is working, because you will see sparkling blue water in your toilet bowl. Each tablet deodorizes the toilet bowl water in 5 minutes and continuously cleans for up to 4 months. When the water is no longer blue, you know it is time for another tablet. The tablet does not harm the septic tank. With Clorox, you know your toilet bowl is clean and disinfected.
<br />
<br />Usage Directions: Clean toilet bowl thoroughly, including under the rim. Cut open pouch. Do not touch tablet directly. Flush toilet. When water level in tank is low, drop tablet in tank near side wall away from water valve opening. When tablet is dissolved, simply add a new Clorox Automatic Toilet Bowl Cleaner Bleach & Blue tablet to help keep your bowl fresh. Tablet should be used in toilets that are flushed daily. Otherwise, water color may vary. Each tablet's lifetime may vary.
<br />
<br />Caution Statements: Eye irritant. May cause skin irritation. Do not get in eyes, on skin or on clothing. Keep out of reach of children and pets. Do not use or mix with other products, as hazardous gases may result. Disposal: Recycle empty carton or discard in trash.
<br />
<br />",APPAREL,0,MULTI-CHANNEL,14710162284025,Clorox,0,GUEST_448f5aaf-4f39-41b4-b91c-397066e030b8,GUEST_da2c8726-e170-4ea0-a534-f8c5b1f5148c,https://imagetarget.com/image/Target/
14230030,Mrs. Meyer's Basil Scent Multi,"Mrs. Meyer's Clean Day Multi-Surface Concentrate features gentle yet strong cleaning agents, while also providing a special, singular scent for your entire home. The basil scented cleaner has a cool, crisp scent that is uplifting & grounding, familiar & exotic - all at one time. Such an inviting herbal smell, the garden's friendly boost of green. This garden-fresh scented multi purpose cleaner effectively cleans non-porous multi-surfaces such as floors, counters, and surfaces in bathrooms, kitchens or any room both inside and outside. This biodegradable cleaner is concentrated and hard-working. It contains plant derived and other thoughtfully chosen ingredients. Made without parabens, phthalates, animal derived ingredients and always cruelty free. Requires dilution for use. Available in other garden inspired scents and biodegradable products such as dish soaps and laundry detergents! Mrs. Meyer's - rooted in goodness.<br /><br />Directions FOR USE: Dilute 1/4 cup of this concentrated cleaner with 1-gallon warm water.<br /><br />USES: Uses: Safe for use on all non-porous home surfaces. It effectively cleans floors, counters, and surfaces in bathrooms, kitchens or any room both inside and outside.",APPAREL,0,MULTI-CHANNEL,14230030284025,Mrs. Meyer's Clean Day,0,GUEST_f2d440de-ce5c-4d89-979a-705c0d585d82,GUEST_b24713dc-dfb5-4234-9ee5-9026fc664a7a,https://imagetarget.com/image/Target/
78327958,Casabella Infuse Glass &#38; W,"Casabella Infuse Glass & Window Microfiber Cloths were designed to give you a streak-free shine on all types of glass surfaces. The microfiber fabric uses electric-charged fibers to pick up dust and other dirty messes. These Glass & Window cloths were designed with the environment in mind, and are both washable and reusable so you can reduce waste while still achieving a deep clean throughout your home. <br /><br />Hand wash or machine wash - in warm water on a delicate cycle. No fabric softener, air dry or tumble dry on low.<br /><br />Includes (2) 12""x 14"" Glass & Window Microfiber Cleaning Cloths<br />",APPAREL,0,MULTI-CHANNEL,78327958284025,Casabella,0,GUEST_6e4813f5-40d6-4632-80c6-8b735b5b0c7c,GUEST_2398aaae-ab00-4789-8439-038faa5e854d,https://imagetarget.com/image/Target/
14694500,Weiman Granite &#38; Stone Dai,"Clean, shine, & disinfect your stone surfaces with the new disinfecting formula that kills 99.9% of germs, viruses & bacteria. For use on sealed stone surfaces, including granite, marble, limestone, slate & glazed tile. Its superior formula works well on countertops, floors, shower stalls, sinks & other hard, non-porous surfaces in kitchens, bathrooms & other household areas. Kills the following bacteria in 10 minutes on hard, non-porous surfaces: Escherichia Coli (E. coli), Salmonella Enterica (Salmonella), and Staphylococcus Aureus (Staph). It also kills the following viruses in 10 minutes on hard, non-porous surfaces: Influenza A (H1N1) and Human Coronavirus (ATCC VR-740).",APPAREL,0,MULTI-CHANNEL,14694500284025,Weiman,0,GUEST_66183d56-fc84-4d47-b80e-578f7502d006,GUEST_bd24c0b6-f0ef-48f5-a515-e61c3692ad15,https://imagetarget.com/image/Target/
14763602,Clorox Disposable Latex Free G,"When situations happen—and we know they do, thank goodness for these Clorox Disposable Latex Free Gloves. These latex and powder free hand protectors are as durable as ever, offering multi-purpose hand protection for what ever life throws your way. Use them to gard agains houshold cleaning chemicals so what goes to action on your showers, sinks, and drains stays far from your skin.  Avoid the backup blues with this ten pack and keep your digits out of dirty water. You’re all covered with Clorox there to lend you a hand . <br />",APPAREL,0,MULTI-CHANNEL,14763602284025,Clorox,0,GUEST_97d5be5b-bda4-4f5c-a218-b52e6d0e92ea,GUEST_dad75ed0-bb5d-49da-a7bf-a82754d83f2d,https://imagetarget.com/image/Target/
53241345,Swiffer Sweeper Heavy Duty Wet,"Swiffer Heavy Duty Wet Mopping Pads Trap + Lock 50% more dirt* allowing you to quickly and easily clean all your hard floor surfaces. *vs. Swiffer wet mopping pad. Dirt magnet Strip funnels dirt & liquids into the pad's center and off your floors. Scrubbing strip breaks apart even the most stubborn dirt. Safe on all finished floors**do not use on unfinished, oiled or waxed wooden boards, non sealed tiles or carpeted floors because they may be water sensitive. Make sure to try Swiffer Heavy Duty Dry Cloths to take your sweeping game to the next level.",APPAREL,0,MULTI-CHANNEL,53241345284025,Swiffer,0,GUEST_31c38a44-4d3b-4077-ac43-c06d1a9523f3,GUEST_0194b7e7-932e-4fec-a6e5-ec973fb785e3,https://imagetarget.com/image/Target/
75564401,Iron Handle Scrub Brush - Made,"Keep your space sparkling clean with a plastic Scrub Brush from Made By Design™. This gray scrub brush features a surface of durable bristles that are tough on dirt and grime, and the comfortable grip makes it perfect for heavy-duty scrubbing. The handle is finished with a plastic loop for easy storage, and the plastic construction holds up under regular use. ",APPAREL,0,MULTI-CHANNEL,75564401284025,Made By Design,0,GUEST_44108cbf-f6ec-40de-a03d-6df6cce545ab,GUEST_43af9fc2-b66c-4607-b2d6-bd6aba44000d,https://imagetarget.com/image/Target/
75564410,Utility Scrub Brush - Made By ,"Round out your collection of cleaning implements with a Gong Scrub Brush from Made By Design™. This versatile plastic brush features a rectangle surface densely packed with durable bristles, and the square shape and angled handle make it perfect for a variety of cleaning tasks. The handle is finished with a plastic loop that provides a convenient storage option, and the plastic construction means it will stand up under heavy use. ",APPAREL,0,MULTI-CHANNEL,75564410284025,Made By Design,0,GUEST_444677cb-3bf7-4cb2-a68d-6e90f88cd4e8,GUEST_107bab67-8c7c-4188-b156-8b41c89cad36,https://imagetarget.com/image/Target/
50631426,Urine Destroyer - 32oz - Up&Up,Up & Up Urine Destroyer 32oz<br>Uses the power of oxygen to target stains and odors<br>Is powerful on set in stains while being gentle on your carpets and furniture<br>Goes to work on odors as well as stains to clean all evidence and prevent re-marking,APPAREL,0,MULTI-CHANNEL,50631426284025,Up&Up,0,GUEST_939a067f-3f86-47e5-86f2-a9f346893933,GUEST_bed4ad62-5ae0-4b8d-bf9e-265c0b0af70a,https://imagetarget.com/image/Target/
51201830,Babyganics All Purpose Surface,"Your baby’s got a full time job: 1. Crawl on floors. 2. Explore every nook and cranny. 3. Touch every possible surface. Your job? Making sure all surfaces are super clean and ready for baby exploration. Done!<br />Great for cleaning kitchen countertops, high chairs, toys, walls, hardwood floors, painted surfaces, furniture, inside ovens, laminate, porcelain, granite, bathroom fixtures, wood, sealed stone, electronics, & more. You know the drill: pop the top, wipe the mess, close the lid.",APPAREL,0,MULTI-CHANNEL,51201830284025,Babyganics,0,GUEST_b0ee58f6-2047-44dc-afac-e71b1eea5ac7,GUEST_fecebb52-e60e-4387-9a0e-88f36354b607,https://imagetarget.com/image/Target/
13821393,Scotch-Brite 3-in-1 Microfiber,"The Scotch Brite 3 in 1 Microfiber Kitchen Cloth absorbs up to 50% more (*) than ordinary cotton Dishcloths!* It also rinses and rings easily and dries quickly. The microfiber cloth is perfect for drying dishes, kitchen cleaning, dusting, glass and more. As cleaning tool experts for over 50 years, Scotch Brite Brand is the only brand with the breadth of cleaning tools for all your home cleaning needs.",APPAREL,0,MULTI-CHANNEL,13821393284025,Scotch-Brite,0,GUEST_1ec94f79-aaf0-43dd-aee8-fcdc52987ff8,GUEST_b66e3f61-c5f9-4aea-bf27-19ca32f7dcd0,https://imagetarget.com/image/Target/
75563315,Citrus Scented Liquid Dish Soa,"Make sure your dishes are always as clean as can be with the help of the Citrus-Scented Liquid Dish Soap from Smartly™. In a 10-ounce squeeze bottle for easy use, this liquid dish soap is formulated to cut grease and clean grime and food debris from all your dishes. Plus, it comes in an invigorating citrus-inspired scent that promises to perk up your senses and give your space a clean, vibrant smell with each and every use. <br /><br />Affordable household essentials & more, made just right. <br /><br />100% satisfaction guaranteed.",APPAREL,0,MULTI-CHANNEL,75563315284025,Smartly,0,GUEST_e83a6074-f28e-42e6-a976-c96820904123,GUEST_e83a6074-f28e-42e6-a976-c96820904123,https://imagetarget.com/image/Target/
75664801,Palmolive Ultra Dishwashing Li,"Treat yourself to an extraordinary fragrance experience with Palmolive Ultra Coconut Water & Jasmine Liquid Dish Soap. Experience the delightful scent of refreshing coconut water and comforting jasmine in your kitchen and enjoy radiant and fresh clean dishes!  Palmolive Ultra Coconut Water & Jasmine Dishwashing Detergent's concentrated liquid dish soap formula is tough on grease, yet soft on hands.",APPAREL,0,MULTI-CHANNEL,75664801284025,Palmolive,0,GUEST_428be9a7-1b4d-40aa-b617-0eff5ac436e5,GUEST_84bb16aa-a730-4851-8e35-278430f6b09e,https://imagetarget.com/image/Target/
79389953,Mr. Clean Sheets Erasers,No description available,APPAREL,0,MULTI-CHANNEL,79389953284025,Mr. Clean,0,GUEST_d9c85eef-a30c-4f8e-9c97-3f41826500a7,GUEST_714a36d3-2666-4c9a-b614-bac717604241,https://imagetarget.com/image/Target/
79389973,Scrubbing Bubbles Rainshower G,No description available,APPAREL,0,MULTI-CHANNEL,79389973284025,Scrubbing Bubbles,0,GUEST_26ebe327-5881-4248-9bfd-ca8a1009f6f1,GUEST_cc1193f8-958d-4477-8643-3214e89a2e24,https://imagetarget.com/image/Target/
75564405,Bucket - 11qt - Made By Design,"For cleaning projects large and small, choose the 11-Quart Bucket from Made By Design™. This medium-sized cleaning bucket has a sturdy handle that makes it easy to carry with you as you work, and the pour spout and bottom grip make it a cinch to drain when the cleaning is done. The oblong design fits a variety of brushes, and the plastic construction stands up under regular use. ",APPAREL,0,MULTI-CHANNEL,75564405284025,Made By Design,0,GUEST_e4eb51ce-8dc3-45e7-8c39-7d6641d9645e,GUEST_e4661b0e-a262-47f1-bcef-f945f1a2ea3c,https://imagetarget.com/image/Target/
53413908,Scrub Daddy Dual-Sided Scrubbe,"Cleaning your dishes has never been easier with the help of this Dual-Sided Scrubber and Sponge from Scrub Daddy. It has an ergonomic design with a fun shape makes it easy to grip — its eyes accommodate two fingers to eliminate slippage while cleaning deep in cups, and the mouth helps to clean both sides of forks, spoons, knives and other utensils at once. With a design that won't scratch nonstick dishes and cookware along with being dishwasher-safe for easy cleaning, this smiley face dish scrubber is a must-have to make dish duty a breeze.",APPAREL,0,MULTI-CHANNEL,53413908284025,Scrub Daddy,0,GUEST_ec8caa78-3bda-405b-9956-080dd6a9c4d9,GUEST_754fd9bb-2fa2-4b90-a358-3e420b7c068b,https://imagetarget.com/image/Target/
79389940,Drano Max Gel Clog Remover,No description available,APPAREL,0,MULTI-CHANNEL,79389940284025,Drano,0,GUEST_39d6d0f4-d5b9-4f3e-a42e-f408b47e05ca,GUEST_e55d2ec9-fd0b-48cd-aba4-9592651e313c,https://imagetarget.com/image/Target/
14477283,Scotch-Brite  Little Handy Scr,"Clean hard to reach places with this handy scrubber.<br />-Safe On: Cookware, Tubs and Sinks, Car Tires, and More!<br />-Top Rack Dishwasher Safe<br />-Non-slip handle, even when wet<br />- This Scotch-Brite cleaning tool contains an antimicrobial agent in the bristles that protects the product from bacterial odors. Product does not protect users or others from food-borne or disease-causing bacteria. Clean thoroughly after use.",APPAREL,0,MULTI-CHANNEL,14477283284025,Scotch-Brite,0,GUEST_4dea8e65-cbcc-4344-9ad0-7ced3cc88796,GUEST_e919a89e-91a9-41c2-9ae3-b94d7787580f,https://imagetarget.com/image/Target/
79389976,Windex Original Glass Cleaner,No description available,APPAREL,0,MULTI-CHANNEL,79389976284025,Windex,0,GUEST_f3f86c99-6316-46ee-9f94-0972bd2b6bcf,GUEST_07ce8a40-885e-4123-bb40-c008ed21a3d9,https://imagetarget.com/image/Target/
17079070,Easy-Off Kitchen Degreaser Spe,"Do you love to cook but not to clean? Cleaning grease can take time and energy that you'd rather spend doing fun stuff. That's why you can trust your kitchen grease to the grease-cutting power of Easy-Off. It's the #1 oven and grill cleaning brand according to Nielsen Total US AOC unit sales data, as of May, 2017. Easy-Off Specialty Kitchen Degreaser Cleaner is specially formulated to penetrate and remove tough grease & grime, leaving you with amazingly clean surfaces! Good for cleaning your back splash, stove top, kitchen counter & cabinets, oven, sink, and microwave. Make sure to use only on hard, non-porous surfaces and rinse thoroughly with water. Do not let dry and do not use on aluminum surfaces. It comes in a great lemon scent.",APPAREL,0,MULTI-CHANNEL,17079070284025,Easy-Off,0,GUEST_3dd2004f-0ec1-47e0-93a7-3546544fea97,GUEST_0ef323e7-4318-4343-85e8-e834a1fdb930,https://imagetarget.com/image/Target/
13933228,Sprayway Glass Cleaner Ammonia,"Sprayway Glass Cleaner cleans all glass surfaces by dissolving dirt, grease, grit and grime. It sprays a heavy-duty foam that clings to windows, windshields, picture frames and mirrors, making cleaning easier.",APPAREL,0,MULTI-CHANNEL,13933228284025,Sprayway,0,GUEST_c062286a-3866-45a9-92c8-1b32aff7617a,GUEST_68e34642-e69e-47ec-99c0-4a36af8ae802,https://imagetarget.com/image/Target/
14612059,Lime-A-Way Lime Calcium Rust C,"You want a clean, beautiful bathroom; but hard water leaves disgusting stains on your bathroom surfaces and fixtures. LIME-A-WAY is your go-to hard water stain remover, with quadruple the stain-fighting power of traditional bathroom all-purpose cleaners. You'll know it's working when your calcium, rust, lime and soap scum stains are gone in a flash. Lime-A-Way cleaner with Turbo Power destroys lime, calcium and rust stains caused by the natural minerals in your water. It effectively cleans the toughest hard water build-up so that surfaces stay cleaner for longer. Your toughest limescale will be removed in seconds without scrubbing! Good for use on: Sinks & Fixtures, Tub & Tile, and Shower & Glass.",APPAREL,0,MULTI-CHANNEL,14612059284025,Lime-A-Way,0,GUEST_1bebaf15-af72-494c-b509-1845c00f6fe9,GUEST_cad9e369-7f1b-489c-9212-05f04b192776,https://imagetarget.com/image/Target/
13315173,Mrs. Meyer's Clean Day Basil S,"Mrs. Meyer's Clean Day Multi-Surface Everyday Cleaners feature hard-working yet gentle multi purpose cleaning agents, while also providing a special, singular scent for your entire home. Basil scented cleaner has a cool, crisp aroma that is uplifting & grounding, familiar & exotic - all at one time. Such an inviting herbal fragrance, the garden's friendly boost of green. We combine garden inspired scents, essential oils, and plant-derived multi purpose cleaning ingredients to clean kitchen messes and all over the house. Our cleaning spray is great on all non-porous surfaces such as finished wood and tile floors, countertops, walls, porcelain, bathroom fixtures, sealed natural and synthetic stone, and more. Available in other garden inspired scents and biodegradable products such as dish soaps and laundry detergents! Mrs. Meyer's - rooted in goodness.<br /><br />Directions FOR USE: Spray cleaner on all non-porous surfaces like finished wood and tile floors, countertops, walls, porcelain, bathroom fixtures, sealed stone and granite. Simply wipe away.<br /><br />USES: Uses: Safe to use on most stone surfaces, provided the stone surface has been sealed. We do not recommend using this product on unsealed natural stone.",APPAREL,0,MULTI-CHANNEL,13315173284025,Mrs. Meyer's Clean Day,0,GUEST_adc92ed3-4806-45b2-b6db-9a0c391d0a02,GUEST_9fe13f45-0cd1-42e7-b5f5-811618b2006d,https://imagetarget.com/image/Target/
13163411,Scotch-Brite  Reusable Wipes -,"Super absorbent and dries quickly, making cleanups quicker and easier. Scotch Brite Kitchen Wipe will make you want to push your paper towels and old cotton cloths to the side. It soaks up as much as 50% more than ordinary cotton cloths, it rinses clean and dries quickly for fast re use. Every kitchen should have one!<br />-Use wet or dry<br />-Wipe, clean, polish or dust<br />-Wipes like a cloth, absorbs like a sponge",APPAREL,0,MULTI-CHANNEL,13163411284025,Scotch-Brite,0,GUEST_1c7b19bc-82b3-4873-8c13-d6da30d1a6fb,GUEST_ce03b6bb-ab96-4cba-91b2-0ddc86f37604,https://imagetarget.com/image/Target/
51952812,Method Citron Antibacterial Al,"This handy germ-buster is made with a formula that’s tough on grease and grime and easy on surfaces. Plus, you’ll be happy to know that it kills 99.9% of household germs—including influenza A flu virus, staphylococcus aureus, rhinovirus and salmonella enterica. So all that’s left behind is a fresh scent and a smile.<br><br>Citron sounds like a lemon’s fancy cousin. And that’s pretty much what it smells like, too. It’s tangy and bright with a touch of sophistication. The kind of happy, uplifting fruit that would be singing French tunes while scrubbing your home clean and leaving everything smelling fresh + fantastic.",APPAREL,0,MULTI-CHANNEL,51952812284025,Method,0,GUEST_bf27a33a-5310-4ad7-8a46-69f7599cf51f,GUEST_1f482bed-0c0e-4cdf-a7c4-ab7683d8fa2b,https://imagetarget.com/image/Target/
76078862,Glass Window Cleaner - 26 fl o,"Keep your glass shiny and spotless with the help of this Glass Window Cleaner from up & up™. This streak-free glass cleaner is powerful and has a formula with active ammonia that easily remove smudges, grime, dirt, fingerprints and more to keep your glass surfaces shining and looking good as new. Safe to use on mirrors, windowpanes, glass tabletops and chrome surfaces, this unscented glass cleaner comes in a spray bottle for easy use to leave surfaces with a streak-free shine. <br /><br />100% Satisfaction Guaranteed.",APPAREL,0,MULTI-CHANNEL,76078862284025,Up&Up,0,GUEST_efbb2fa5-b087-45f4-9d86-23bf4dab28c1,GUEST_efbb2fa5-b087-45f4-9d86-23bf4dab28c1,https://imagetarget.com/image/Target/
15511818,Method Eucalyptus Mint Daily S,"<br />Imagine how wonderful would it be if every time you get into your shower it smelled like a spa. Guess what? It isn't really difficult to achieve with the method daily shower spray. All you'll have to do is spray a fine mist on wet surfaces after your shower and that's it. The cleaner will take care of everything without you having to scrub, rinse, or wipe your shower. Just enjoy the shower and let the spray take care of soap scum from surfaces like shower, fixtures, glass tubs, and tiles. This daily shower spray is made from plant-based ingredients and is free of chemical residue. Get a cleaner and fresh-smelling shower experience every day.",APPAREL,0,MULTI-CHANNEL,15511818284025,Method,0,GUEST_80468cec-7bab-429f-be2a-58ea114126b0,GUEST_7279b03b-dd38-4952-a531-a51b81fc6700,https://imagetarget.com/image/Target/
12856531,Arm &#38; Hammer Carpet Odor E,"Pet Fresh™ Carpet Odor Eliminator helps rid your home of the not-so-nice part of having a pet. Unwanted hair and dirt are vacuumed up with ease, and odors are destroyed deep down at the source.",APPAREL,0,MULTI-CHANNEL,12856531284025,Arm & Hammer,0,GUEST_618783df-13a0-4d01-b8ab-aa64e1ed6ed0,GUEST_9348beb8-6ef8-4c72-b867-7f59733e2964,https://imagetarget.com/image/Target/
51952904,Method All Purpose Cleaner Ref,"Grease and grime don’t stand a chance. Not with the cutting-edge green chemistry of powergreen® technology in your grasp. Each squirt, in all its lovely non-toxic glory, delivers a mighty cleaning punch with naturally derived, biodegradable ingredients. Its cleaners, derived from corn and coconut, break down dirt naturally, so every spray leaves nothing behind but a fresh scent and gleaming clean. Knock out dirt with the power of plants.<br><br>There are certain scents that seem to put an extra spring in your step. Like this refreshing fusion of pink grapefruit, blood orange + cassis. In fact, we wouldn’t be surprised if this vibrant medley induces spontaneous skipping. It’s been known to happen.",APPAREL,0,MULTI-CHANNEL,51952904284025,Method,0,GUEST_e9ca7236-da99-4ca5-b144-74cf1c7d00be,GUEST_323ac6cf-8859-4324-a0bd-481089fd83f5,https://imagetarget.com/image/Target/
75666304,Clorox Bathroom Foamer with Bl,"Clorox Bleach Foamer Bathroom Spray, Original, disinfects 99.9% of germs and leaves your bathroom sparkling clean. Powered by Clorox Bleach, this bathroom foamer cleaner easily cuts through dirt, grime and soap scum. It also kills germs commonly found in the bathroom such as staphylococcus aureus (staph), streptococcus pyogenes (strep) and trichophyton mentagrophytes (athletes foot fungus). It also removes mold and mildew stains with less scrubbing, so it is perfect for freshening and cleaning tubs, tile, toilets, sinks and counters. The Smart Tube technology insures you spray every stain fighting drop. Behind every sparkling clean bathroom, there is Clorox Bleach Foamer Bathroom Spray.
<br />
<br />Usage Directions: To Clean Soap Scum: Spray, wait a few minutes, wipe with sponge. Heavy soap scum or mildew buildup may need two cleanings. To Disinfect and Kill Mold & Mildew on Hard, Nonporous Surfaces such as glazed ceramic tile: Spray surface until thoroughly wet, let stand 5 minutes, and rinse. To Remove Mildew Stains: Spray 6-8 inches from surface until surface is thoroughly covered. Allow foam to deeply penetrate mildew and problem areas. Wipe with a wet sponge or cloth, and rinse. Heavy mildew buildup may require longer contact time, or two cleanings.
<br />
<br />Caution Statements: Not recommended for use by persons with heart conditions or chronic respiratory problems such as asthma, emphysema or lung disease. FIRST AID: IF IN EYES: Hold eye open and rinse slowly and gently with water for 15-20 minutes. Remove contact lenses. IF INHALED: Move person to fresh air. If person is not breathing, call 911 or an ambulance, then give artificial respiration. IF SWALLOWED: Call a poison control center immediately for treatment advice. PHYSICAL AND CHEMICAL HAZARDS: This product contains bleach. Do not use or mix this product with other chemicals containing ammonia.
<br />
<br />",APPAREL,0,MULTI-CHANNEL,75666304284025,Clorox,0,GUEST_34f29653-a472-40c4-801e-2a6fd5003705,GUEST_f6a3ea13-64f2-4826-98bb-c9b6b6912680,https://imagetarget.com/image/Target/
75663184,Citrus &#38; Basil All Purpose,"We believe a cleaner home begins with Everspring All Purpose Cleaner. It is biobased and cuts grease and grime on multiple surfaces without ammonia or harsh fumes. Made without parabens and naturally fragranced with plant extracts and essential oils, this biodegradable formula is non-toxic to humans when used as directed and never tested on animals. Our products are made with you, your home and family in mind.<br /><br />Packaging made with 100% post-consumer recycled plastic.<br />The percent biobased refers to organic materials derived from plants and other renewable resources.<br /><br />Down-to-earth solutions that are up to Earth's standards<br /><br />100% satisfaction guaranteed.",APPAREL,0,MULTI-CHANNEL,75663184284025,Everspring,0,GUEST_96e6b3ba-fc37-43ba-8e58-a9bfd15fb31a,GUEST_70d72e2a-30e8-40f4-9b82-bb5c9dd77b6f,https://imagetarget.com/image/Target/
79389922,Clean Shower Daily Shower,No description available,APPAREL,0,MULTI-CHANNEL,79389922284025,Clean Shower,0,GUEST_f10d854f-1309-4677-8e61-562f2db34588,GUEST_9316a949-02f2-4886-8d2f-c71fd2660532,https://imagetarget.com/image/Target/
15744221,Mrs. Meyer's Lemon Verbena Tub,"Mrs. Meyer’s Clean Day Tub and Tile Cleaners feature hard-working bathroom cleaning agents, while also providing a special, singular scent for your entire home.  Lemon verbena scented tub and tile cleaner has a light, refreshingly mild citrus scent. This tender herb blossoms in early summer and smells bright and new through and through. We combine garden inspired scents, essential oils, and plant-derived cleaning ingredients to provide a powerful, fresh clean for your bathroom. Our hardworking formula is specially formulated for use on bathroom surfaces including shower doors, tiles, toilet seats, porcelain, countertops, sinks, tubs, and more. Simply spray and wipe clean! Available in other garden inspired scents and biodegradable products such as dish soaps and laundry detergents! Mrs. Meyer’s – rooted in goodness.<br /><br />DIRECTIONS FOR USE: Spray directly onto bathroom surfaces including shower doors, tiles, toilet seats, porcelain, countertops, sinks and tubs. Simply wipe clean. Not for use on natural marble, brass or wood.<br /><br /><br /><br />WARNINGS: EYE IRRITANT. Avoid eye contact. Keep out of reach of children and pets. If product gets in eyes, flush with water for 15 minutes. If swallowed, drink a glassful of water. Consult physician if irritation persists.<br /><br />INGREDIENTS: Water, Lactic Acid, Decyl Glucoside, Lauramine Oxide, Citrus Limon (Lemon) Peel Oil, Abies Alba (Fir) Leaf Oil, Cymbopogon Schoenanthus (Lemongrass) Oil , Fragrance",APPAREL,0,MULTI-CHANNEL,15744221284025,Mrs. Meyer's Clean Day,0,GUEST_aefde3e7-5d0e-42fd-b3d2-27d36bb61fc6,GUEST_cdad2f7c-7a94-4e4b-b06c-6c42a89cae65,https://imagetarget.com/image/Target/
75661939,Mr. Clean with Febreze Meadows,"Get a powerful clean and a great scent with Mr. Clean multi surface cleaner with Febreze Meadows and Rain. It cuts through 100% of dirt, grease, and grime, leaving the light, fresh scent of Febreze Meadows and Rain liquid cleaner in its dirt forsaken place. It works all around the house on everything from linoleum, to tile and finished hardwood floors, to toilets and bathtubs, and even garbage cans. Mr Clean Multi Surface Cleaner is also available in Gain Original Fresh and antibacterial Summer Citrus. Mr Clean Multi Surface Cleaner is great for use on sinks, counters, stoves and much more",APPAREL,0,MULTI-CHANNEL,75661939284025,Mr. Clean,0,GUEST_f36b9eb0-4cf6-421f-90e3-f3df1b2cbdca,GUEST_92015fca-c09c-4899-8646-bb82d63d941a,https://imagetarget.com/image/Target/
14775345,Soft Scrub Total All Purpose B,"Soft Scrub All Purpose Cleanser has an improved formula now packs even more cleaning punch in a faster and easier to rinse formula! It's perfect for powerful cleaning on sinks, showers, and toilets and removing tough stains from bathroom and kitchen surfaces. It leaves behind a fresh lemon scent once you're done cleaning. This product is Orthodox Union certified Kosher. Soft Scrub Total All Purpose Bath & Kitchen Cleanser cleans surfaces in the bathroom, kitchen and throughout the house. It removes soap scum, hard water stains, limescale, grease, grime, and food stains, and is safe to use on stainless steel, chrome, granite, porcelain, ceramic, plastic laminate, and glass-top stoves. This package includes one 36oz bottle of Soft Scrub All Purpose Cleanser in lemon scent.",APPAREL,0,MULTI-CHANNEL,14775345284025,Soft Scrub,0,GUEST_7a576843-bdf3-4f24-befc-6981659d3ef6,GUEST_64b17caa-27a4-47bf-a6be-42a0bcae865d,https://imagetarget.com/image/Target/
79389937,Clorox Value Pack Bleach Free ,No description available,APPAREL,0,MULTI-CHANNEL,79389937284025,Clorox,0,GUEST_f9224091-9ed4-4585-9b72-d98aa629b41c,GUEST_cc1fe009-dafe-4564-abae-b788a8a0016c,https://imagetarget.com/image/Target/
